{
	"response": {
		"docs": [{
			"accountName": "Automation",
			"accountNumber": "Automation123",
			"accountStatus": "Active",
			"createdBy": "admin@highroads.com",
			"creationDate": "2016-03-28T09:00:16.205-04:00",
			"groupParentId": "35459789-0fa3-4a11-a9ed-546bc6a879be",
			"groups": ["0bd6fb62-550a-4824-b717-ff3336bc0f38", "e6d36c06-3afd-4a15-b728-711bb3fdaafa"],
			"lastModificationDate": "2016-03-28T09:00:16.205-04:00",
			"lastModifiedBy": "admin@highroads.com",
			"marketSegment": "Large Group",
			"name": "group_418278892426938",
			"objectId": "3f75e550-70e9-4a7d-827b-87a851e7c6cf",
			"objectType": "group",
			"primaryContactEmails": ["support@auto.ge.com", "support@us.auto.ge.com"],
			"renewalEndDate": "2017-12-30T19:00:00.000-05:00",
			"renewalStartDate": "2016-12-31T19:00:00.000-05:00",
			"supportPhoneNumber": "888-123-4567",
			"supportWebsiteAddress": "http://support.ge.com",
			"versionLabel": "1.0"
		}, {
			"accountName": "Fire Safety",
			"accountNumber": "FireSafety123",
			"accountStatus": "Terminated",
			"createdBy": "admin@highroads.com",
			"creationDate": "2016-03-28T09:01:52.108-04:00",
			"groupParentId": "3f75e550-70e9-4a7d-827b-87a851e7c6cf",
			"lastModificationDate": "2016-03-28T09:01:52.108-04:00",
			"lastModifiedBy": "admin@highroads.com",
			"marketSegment": "Individual Under 65",
			"name": "group_418374790662931",
			"objectId": "0bd6fb62-550a-4824-b717-ff3336bc0f38",
			"objectType": "group",
			"primaryContactEmails": ["support@auto.ge.com", "support@us.auto.ge.com"],
			"renewalEndDate": "2017-12-30T19:00:00.000-05:00",
			"renewalStartDate": "2016-12-31T19:00:00.000-05:00",
			"supportPhoneNumber": "888-123-4567",
			"supportWebsiteAddress": "http://support.ge.com",
			"versionLabel": "1.0"
		}, {
			"accountName": "Scanning & Mobility",
			"accountNumber": "ScanningMobility123",
			"accountStatus": "Prospect",
			"createdBy": "admin@highroads.com",
			"creationDate": "2016-03-28T09:03:19.996-04:00",
			"groupParentId": "3f75e550-70e9-4a7d-827b-87a851e7c6cf",
			"lastModificationDate": "2016-03-28T09:03:19.996-04:00",
			"lastModifiedBy": "admin@highroads.com",
			"marketSegment": "National Account",
			"name": "group_418462674203773",
			"objectId": "e6d36c06-3afd-4a15-b728-711bb3fdaafa",
			"objectType": "group",
			"primaryContactEmails": ["support@auto.ge.com", "support@us.auto.ge.com"],
			"renewalEndDate": "2017-12-30T19:00:00.000-05:00",
			"renewalStartDate": "2016-12-31T19:00:00.000-05:00",
			"supportPhoneNumber": "888-123-4567",
			"supportWebsiteAddress": "http://support.ge.com",
			"versionLabel": "1.0"
		}, {
			"accountName": "Areospace",
			"accountNumber": "Areospace123",
			"accountStatus": "Prospect",
			"createdBy": "admin@highroads.com",
			"creationDate": "2016-03-28T09:04:36.967-04:00",
			"groupParentId": "35459789-0fa3-4a11-a9ed-546bc6a879be",
			"lastModificationDate": "2016-03-28T09:04:36.967-04:00",
			"lastModifiedBy": "admin@highroads.com",
			"marketSegment": "Student",
			"name": "group_418539640312767",
			"objectId": "b8ac29d5-0d95-4ba1-a1c5-ba70fcbd251b",
			"objectType": "group",
			"primaryContactEmails": ["support@areo.ge.com", "support@us.areo.ge.com"],
			"renewalEndDate": "2017-12-30T19:00:00.000-05:00",
			"renewalStartDate": "2016-12-31T19:00:00.000-05:00",
			"supportPhoneNumber": "888-123-4567",
			"supportWebsiteAddress": "http://support.ge.com",
			"versionLabel": "1.0"
		}],
		"numFound": 4,
		"start": 0,
		"rows": 20
	},
	"responseHeader": {
		"qt": 106,
		"params": {
			"q": "TYPE:\"account\" ",
			"start": 0,
			"sort": "lastModificationDate desc",
			"rows": 20,
			"wt": "json"
		},
		"status": 0
	}
}