{
  "attributes": [
    {
      "id": 101,
      "type": "textInput",
      "multiple": false,
      "displayName": "Service Optional Name",
      "attributeType": "A",
      "placeholder": "Service Optional Name",
      "nameId": "udfplanservice_serviceOptionalName",
      "modifiable": true,
      "requiredField": false,
      "parentId": "",
      "options": [
        
      ],
      "children": null
    },
    {
      "id": 102,
      "type": "radioButton",
      "multiple": false,
      "displayName": "Is ASO Client Covered",
      "attributeType": "A",
      "placeholder": "Is ASO Client Covered",
      "nameId": "udfplanservice_isASOClientCovered",
      "modifiable": true,
      "requiredField": false,
      "parentId": "",
      "options": [
        {
          "optionNameId": "yes",
          "label": "Yes"
        },
        {
          "optionNameId": "no",
          "label": "No"
        }
      ],
      "children": null
    },
    {
      "id": 103,
      "type": "radioButton",
      "multiple": false,
      "displayName": "Is Copayment Waived",
      "attributeType": "A",
      "placeholder": "Is Copayment Waived",
      "nameId": "udfplanservice_isCopaymentWaived",
      "modifiable": true,
      "requiredField": false,
      "parentId": "",
      "options": [
        {
          "optionNameId": "yes",
          "label": "Yes"
        },
        {
          "optionNameId": "no",
          "label": "No"
        }
      ],
      "children": null
    },
    {
      "id": 104,
      "type": "radioButton",
      "multiple": false,
      "displayName": "Is Hospital Non Hospital Split For Level 2",
      "attributeType": "A",
      "placeholder": "Is Hospital Non Hospital Split For Level 2",
      "nameId": "udfplanservice_isHospitalNonHospitalSplitForLevel2",
      "modifiable": true,
      "requiredField": false,
      "parentId": "",
      "options": [
        {
          "optionNameId": "yes",
          "label": "Yes"
        },
        {
          "optionNameId": "no",
          "label": "No"
        }
      ],
      "children": null
    },
    {
      "id": 105,
      "type": "textInput",
      "multiple": false,
      "displayName": "Service Header",
      "attributeType": "A",
      "placeholder": "Service Header",
      "nameId": "udfplanservice_serviceHeader",
      "modifiable": true,
      "requiredField": false,
      "parentId": "",
      "options": [
        
      ],
      "children": null
    },
    {
      "id": 106,
      "type": "radioButton",
      "multiple": false,
      "displayName": "Show on Document Override",
      "attributeType": "A",
      "placeholder": "Show on Document Override",
      "nameId": "udfplanservice_isShowOnDocument",
      "modifiable": true,
      "requiredField": false,
      "parentId": "",
      "options": [
        {
          "optionNameId": "yes",
          "label": "Yes"
        },
        {
          "optionNameId": "no",
          "label": "No"
        }
      ],
      "children": null
    }
  ],
  "error": false,
  "message": ""
}