[{
    "Document Filters": [{
            "Status": [{
                "AttributeId": "documentStatus",
                "AttributeName": "Status",
                "AttributeValue": "Draft",
                "DisplayValue": "Draft"
            }, {
                "AttributeId": "documentStatus",
                "AttributeName": "Status",
                "AttributeValue": "Final",
                "DisplayValue": "Final"
            }, {
                "AttributeId": "documentStatus",
                "AttributeName": "Status",
                "AttributeValue": "Outdated",
                "DisplayValue": "Outdated"
            }, {
                "AttributeId": "documentStatus",
                "AttributeName": "Status",
                "AttributeValue": "Expired",
                "DisplayValue": "Expired"
            }]
        }, {
            "Document Type": [{
                "AttributeId": "documentType",
                "AttributeName": "Document Type",
                "AttributeValue": "SBC",
                "DisplayValue": "SBC"
            }, {
                "AttributeId": "documentType",
                "AttributeName": "Document Type",
                "AttributeValue": "SOB",
                "DisplayValue": "SOB"
            }, {
                "AttributeId": "documentType",
                "AttributeName": "Document Type",
                "AttributeValue": "SUM",
                "DisplayValue": "SUM"
            }, {
                "AttributeId": "documentType",
                "AttributeName": "Document Type",
                "AttributeValue": "GEN",
                "DisplayValue": "GEN"
            }, {
                "AttributeId": "documentType",
                "AttributeName": "Document Type",
                "AttributeValue": "MKTG",
                "DisplayValue": "MKTG"
            }, {
                "AttributeId": "documentType",
                "AttributeName": "Document Type",
                "AttributeValue": "CSOB",
                "DisplayValue": "CSOB"
            }]
        }, {
            "Business Entity": [{
                    "AttributeId": "businessEntity",
                    "AttributeName": "Business Entity",
                    "AttributeValue": "Product",
                    "DisplayValue": "Product"
                }, {
                    "AttributeId": "businessEntity",
                    "AttributeName": "Business Entity",
                    "AttributeValue": "Plan",
                    "DisplayValue": "Plan"
                }, {
                    "AttributeId": "businessEntity",
                    "AttributeName": "Business Entity",
                    "AttributeValue": "Rider",
                    "DisplayValue": "Rider"
                }, {
                    "AttributeId": "businessEntity",
                    "AttributeName": "Business Entity",
                    "AttributeValue": "Other",
                    "DisplayValue": "Other"
                }

            ]
        }, {
            "Product": [{
                "AttributeId": "productClasses",
                "AttributeName": "Product",
                "AttributeValue": "Medical",
                "DisplayValue": "Medical"
            }, {
                "AttributeId": "productClasses",
                "AttributeName": "Product",
                "AttributeValue": "Dental",
                "DisplayValue": "Dental"
            }, {
                "AttributeId": "productClasses",
                "AttributeName": "Product",
                "AttributeValue": "Vision",
                "DisplayValue": "Vision"
            }, {
                "AttributeId": "productClasses",
                "AttributeName": "Product",
                "AttributeValue": "Pharmacy",
                "DisplayValue": "Pharmacy"
            }, {
                "AttributeId": "productClasses",
                "AttributeName": "Product",
                "AttributeValue": "Combination",
                "DisplayValue": "Combination"
            }]
        },

        {
            "Product Type": [{
                "AttributeId": "productTypes",
                "AttributeName": "Product Type",
                "AttributeValue": "HMO",
                "DisplayValue": "HMO"
            }, {
                "AttributeId": "productTypes",
                "AttributeName": "Product Type",
                "AttributeValue": "PPO",
                "DisplayValue": "PPO"
            }, {
                "AttributeId": "productTypes",
                "AttributeName": "Product Type",
                "AttributeValue": "POS",
                "DisplayValue": "POS"
            }, {
                "AttributeId": "productTypes",
                "AttributeName": "Product Type",
                "AttributeValue": "EPO",
                "DisplayValue": "EPO"
            }, {
                "AttributeId": "productTypes",
                "AttributeName": "Product Type",
                "AttributeValue": "CDHP",
                "DisplayValue": "CDHP"
            }, {
                "AttributeId": "productTypes",
                "AttributeName": "Product Type",
                "AttributeValue": "HSA",
                "DisplayValue": "HSA"
            }, {
                "AttributeId": "productTypes",
                "AttributeName": "Product Type",
                "AttributeValue": "FSA",
                "DisplayValue": "FSA"
            }, {
                "AttributeId": "productTypes",
                "AttributeName": "Product Type",
                "AttributeValue": "CDHP & HSA",
                "DisplayValue": "CDHP & HSA"
            }]
        }, {
            "Market Segment": [{
                "AttributeId": "marketSegments",
                "AttributeName": "Market Segment",
                "AttributeValue": "Small (1-50)",
                "DisplayValue": "Small (1-50)"
            }, {
                "AttributeId": "marketSegments",
                "AttributeName": "Market Segment",
                "AttributeValue": "Medium (51-100)",
                "DisplayValue": "Medium (51-100)"
            }, {
                "AttributeId": "marketSegments",
                "AttributeName": "Market Segment",
                "AttributeValue": "Large (101-150)",
                "DisplayValue": "Large (101-150)"
            }]
        }, {
            "Number of Tiers": [{
                "AttributeId": "numberOfTiers",
                "AttributeName": "Number of Tiers",
                "AttributeValue": "One",
                "DisplayValue": "One"
            }, {
                "AttributeId": "numberOfTiers",
                "AttributeName": "Number of Tiers",
                "AttributeValue": "Two",
                "DisplayValue": "Two"
            }, {
                "AttributeId": "numberOfTiers",
                "AttributeName": "Number of Tiers",
                "AttributeValue": "Three",
                "DisplayValue": "Three"
            }, {
                "AttributeId": "numberOfTiers",
                "AttributeName": "Number of Tiers",
                "AttributeValue": "Four",
                "DisplayValue": "Four"
            }]
        }, {
            "Funding Arrangement": [{
                "AttributeId": "fundingArrangements",
                "AttributeName": "Funding Arrangement",
                "AttributeValue": "Fully Insured",
                "DisplayValue": "Fully Insured"
            }, {
                "AttributeId": "fundingArrangements",
                "AttributeName": "Funding Arrangement",
                "AttributeValue": "Self Funded",
                "DisplayValue": "Self Funded"
            }]
        }, {
            "Water Mark": [{
                "AttributeId": "watermark",
                "AttributeName": "Watermark",
                "AttributeValue": "None",
                "DisplayValue": "None"
            }, {
                "AttributeId": "watermark",
                "AttributeName": "Watermark",
                "AttributeValue": "Pending",
                "DisplayValue": "Pending"
            }, {
                "AttributeId": "watermark",
                "AttributeName": "Watermark",
                "AttributeValue": "Denied",
                "DisplayValue": "Denied"
            }, {
                "AttributeId": "watermark",
                "AttributeName": "Watermark",
                "AttributeValue": "Draft",
                "DisplayValue": "Draft"
            }, {
                "AttributeId": "watermark",
                "AttributeName": "Watermark",
                "AttributeValue": "Custom",
                "DisplayValue": "Custom"
            }]
        }, {
            "Format": [{
                "AttributeId": "documentFormat",
                "AttributeName": "Format",
                "AttributeValue": "Word",
                "DisplayValue": "Word"
            }, {
                "AttributeId": "documentFormat",
                "AttributeName": "Format",
                "AttributeValue": "PDF",
                "DisplayValue": "PDF"
            }]
        }, {
            "Effective Date": [{
                "AttributeId": "effectiveDate",
                "AttributeName": "Effective Date",
                "AttributeValue": "Last 6 months",
                "DisplayValue": "Last 6 months"
            }, {
                "AttributeId": "effectiveDate",
                "AttributeName": "Effective Date",
                "AttributeValue": "Next 6 months",
                "DisplayValue": "Next 6 months"
            }, {
                "AttributeId": "effectiveDate",
                "AttributeName": "Effective Date",
                "AttributeValue": "Last 12 months",
                "DisplayValue": "Last 12 months"
            }, {
                "AttributeId": "effectiveDate",
                "AttributeName": "Effective Date",
                "AttributeValue": "Next 12 months",
                "DisplayValue": "Next 12 months"
            }]
        }, {
            "End Date": [{
                "AttributeId": "endDate",
                "AttributeName": "Effective End Date",
                "AttributeValue": "Last 6 months",
                "DisplayValue": "Last 6 months"
            }, {
                "AttributeId": "endDate",
                "AttributeName": "Effective End Date",
                "AttributeValue": "Next 6 months",
                "DisplayValue": "Next 6 months"
            }, {
                "AttributeId": "endDate",
                "AttributeName": "Effective End Date",
                "AttributeValue": "Last 12 months",
                "DisplayValue": "Last 12 months"
            }, {
                "AttributeId": "endDate",
                "AttributeName": "Effective End Date",
                "AttributeValue": "Next 12 months",
                "DisplayValue": "Next 12 months"
            }]
        }, {
            "Generated by": [{
                "AttributeId": "createdBy",
                "AttributeName": "Generated by",
                "AttributeValue": "Myself",
                "DisplayValue": "Myself"
            }, {
                "AttributeId": "createdBy",
                "AttributeName": "Generated by",
                "AttributeValue": "Dynamic1",
                "DisplayValue": "Dynamicr1"
            }, {
                "AttributeId": "createdBy",
                "AttributeName": "Generated by",
                "AttributeValue": "Dynamic2",
                "DisplayValue": "Dynamic2"
            }]
        }
    ]
}]