{
    "documentFieldsMetaData": [
		{
            "id": 1,
            "type": "checkbox",
            "multiple": true,
            "displayName": "Document Status",
            "attributeType": "A",
            "attributeName": "Document Status",
            "zIndex": 20,
            "placeholder": "Document Status",
            "cmisName": "hr:documentStatus",
            "nameId": "documentStatus",
            "modifiable": true,
            "requiredField": false,
            "parentId": "",
            "options": [
                {
                    "optionNameId": "final",
                    "label": "Final"
                },
                {
                    "optionNameId": "draft",
                    "label": "Draft"
                },
				{
                    "optionNameId": "outdated",
                    "label": "Outdated"
                },
				{
                    "optionNameId": "expired",
                    "label": "Expired"
                }
            ],
            "children": null
        },
        {
            "id": 2,
            "type": "checkbox",
            "multiple": true,
            "displayName": "Document Type",
            "attributeType": "A",
            "attributeName": "Document Type",
            "zIndex": 20,
            "placeholder": "Document Type",
            "cmisName": "hr:documentType",
            "nameId": "documentType",
            "modifiable": true,
            "requiredField": true,
            "parentId": "",
            "options": [
                {
                    "optionNameId": "spd",
                    "label": "SPD"
                },
                {
                    "optionNameId": "sbc",
                    "label": "SBC"
                },
				{
                    "optionNameId": "mktg",
                    "label": "Mktg"
                }
            ],
            "children": null
        },
		{
            "id": 3,
            "type": "checkbox",
            "multiple": true,
            "displayName": "Document Class",
            "attributeType": "A",
            "attributeName": "Document Class",
            "zIndex": 1,
            "placeholder": "Document Class",
            "cmisName": "hr:documentClass",
            "nameId": "documentClass",
            "modifiable": false,
            "requiredField": false,
            "parentId": "",
            "options": [
                {
                    "optionNameId": "plan",
                    "label": "Plan"
                },
                {
                    "optionNameId": "product",
                    "label": "Product"
                },
                {
                    "optionNameId": "rider",
                    "label": "Rider"
                }
            ],
            "children": null
        },
		{
            "id": 4,
            "type": "checkbox",
            "multiple": true,
            "displayName": "Product",
            "attributeType": "A",
            "attributeName": "Product",
            "zIndex": 1,
            "placeholder": "Product",
            "cmisName": "hr:planProductClass",
            "nameId": "productClass",
            "modifiable": false,
            "requiredField": false,
            "parentId": "",
            "options": [
                {
                    "optionNameId": "medical",
                    "label": "Medical"
                },
                {
                    "optionNameId": "dental",
                    "label": "Dental"
                },
                {
                    "optionNameId": "vision",
                    "label": "Vision"
                },
                {
                    "optionNameId": "pharmacy",
                    "label": "Pharmacy"
                }
            ],
            "children": null
        },
		{
            "id": 5,
            "type": "checkbox",
            "multiple": true,
            "displayName": "Product Type",
            "attributeType": "A",
            "attributeName": "Product Type",
            "zIndex": 2,
            "placeholder": "Product Type",
            "cmisName": "hr:productType",
            "nameId": "productType",
            "modifiable": false,
            "requiredField": false,
            "parentId": "",
            "options": [
                {
                    "optionNameId": "hmo",
                    "label": "HMO"
                },
				{
                    "optionNameId": "ppo",
                    "label": "PPO"
                },
                {
                    "optionNameId": "POS",
                    "label": "POS"
                },
                {
                    "optionNameId": "hsa",
                    "label": "HSA"
                },
                {
                    "optionNameId": "cdhpHsa",
                    "label": "CDHP & HSA"
                }
            ],
            "children": null
        },
		{
            "id": 6,
            "type": "checkbox",
            "multiple": true,
            "displayName": "Format",
            "attributeType": "A",
            "attributeName": "Format",
            "zIndex": 2,
            "placeholder": "Format",
            "cmisName": "hr:format",
            "nameId": "format",
            "modifiable": false,
            "requiredField": false,
            "parentId": "",
            "options": [
                {
                    "optionNameId": "word",
                    "label": "Word"
                },
				{
                    "optionNameId": "pdf",
                    "label": "PDF"
                }
            ],
            "children": null
        },
		{
            "id": 7,
            "type": "checkbox",
            "multiple": true,
            "displayName": "Provider Tiers",
            "attributeType": "A",
            "attributeName": "Provider Tiers",
            "zIndex": 2,
            "placeholder": "Provider Tiers",
            "cmisName": "hr:providerTiers",
            "nameId": "providerTiers",
            "modifiable": false,
            "requiredField": false,
            "parentId": "",
            "options": [
                {
                    "optionNameId": "1",
                    "label": "1"
                },
				{
                    "optionNameId": "2",
                    "label": "2"
                },
				{
                    "optionNameId": "3",
                    "label": "3"
                },
				{
                    "optionNameId": "4",
                    "label": "4"
                }
            ],
            "children": null
        },
		{
            "id": 8,
            "type": "checkbox",
            "multiple": true,
            "displayName": "Funding Arrangement",
            "attributeType": "A",
            "attributeName": "Funding Arrangement",
            "zIndex": 9,
            "placeholder": "Funding Arrangement",
            "cmisName": "hr:fundingArrangement",
            "nameId": "fundingArrangement",
            "modifiable": true,
            "requiredField": false,
            "parentId": "",
            "options": [
                {
                    "optionNameId": "fullyInsured",
                    "label": "Fully Insured"
                },
                {
                    "optionNameId": "selfFunded",
                    "label": "Self Funded"
                }
            ],
            "children": null
        },
		{
            "id": 9,
            "type": "checkbox",
            "multiple": true,
            "displayName": "Market Segment",
            "attributeType": "A",
            "attributeName": "Market Segment",
            "zIndex": 11,
            "placeholder": "Market Segment",
            "cmisName": "hr:marketSegment",
            "nameId": "marketSegment",
            "modifiable": true,
            "requiredField": false,
            "parentId": "",
            "options": [
                {
                    "optionNameId": "small",
                    "label": "Small (1-50)"
                },
                {
                    "optionNameId": "medium",
                    "label": "Medium (51-100)"
                },
                {
                    "optionNameId": "large",
                    "label": "Large (101-150)"
                }
            ],
            "children": null
        },
		
        
		{
            "id": 10,
            "type": "radioButton",
            "multiple": false,
            "displayName": "Effective Start Date",
            "attributeType": "A",
            "attributeName": "SEffective Start Date",
            "zIndex": 11,
            "placeholder": "Effective Start Date",
            "cmisName": "hr:effectiveStartDate",
            "nameId": "effectiveStartDate",
            "modifiable": true,
            "requiredField": false,
            "parentId": "",
            "options": [
                {
                    "optionNameId": "last 6 months",
                    "label": "Last 6 Months"
                },
				{
                    "optionNameId": "next 6 months",
                    "label": "Next 6 Months"
                },
				{
                    "optionNameId": "last 12 months",
                    "label": "Last 12 Months"
                },
				{
                    "optionNameId": "next 12 months",
                    "label": "Next 12 Months"
                }
           
            ],
            "children": null
        },
		{
            "id": 11,
            "type": "radioButton",
            "multiple": false,
            "displayName": "Effective End Date",
            "attributeType": "A",
            "attributeName": "SEffective End Date",
            "zIndex": 11,
            "placeholder": "Effective End Date",
            "cmisName": "hr:effectiveEndDate",
            "nameId": "effectiveEndDate",
            "modifiable": true,
            "requiredField": false,
            "parentId": "",
            "options": [
                {
                    "optionNameId": "last 6 months",
                    "label": "Last 6 Months"
                },
				{
                    "optionNameId": "next 6 months",
                    "label": "Next 6 Months"
                },
				{
                    "optionNameId": "last 12 months",
                    "label": "Last 12 Months"
                },
				{
                    "optionNameId": "next 12 months",
                    "label": "Next 12 Months"
                }
           
            ],
            "children": null
        },
		{
            "id": 12,
            "type": "radioButton",
            "multiple": false,
            "displayName": "Generated On",
            "attributeType": "A",
            "attributeName": "Generated On",
            "zIndex": 11,
            "placeholder": "Generated On",
            "cmisName": "hr:generatedOn",
            "nameId": "generatedOn",
            "modifiable": true,
            "requiredField": false,
            "parentId": "",
            "options": [
                {
                    "optionNameId": "last 6 months",
                    "label": "Last 6 Months"
                },
				{
                    "optionNameId": "next 6 months",
                    "label": "Next 6 Months"
                },
				{
                    "optionNameId": "last 12 months",
                    "label": "Last 12 Months"
                },
				{
                    "optionNameId": "next 12 months",
                    "label": "Next 12 Months"
                }
           
            ],
            "children": null
        }
    ],
    "error": false,
    "message": ""
}