{
  "offeringStatus": "Draft",
  "benefitYear": "2018",
  "effectiveDate": "2016-05-03T04:00:00.000Z",
  "endDate": "2016-05-07T04:00:00.000Z",
  "productClasses": [
    "Dental",
    "Vision"
  ],
  "productTypes": [
    "PPO",
    "POS",
    "EPO"
  ],
  "channels": [
    "On Exchange",
    "Off Exchange"
  ],
  "legalEntity": "rrre",
  "planTypeAlternate": "Managed Tiered",
  "financialArrangement": "Fully",
  "planType": "Standard",
  "grandfatheredPlan": true,
  "hixMetalLevel": "Silver",
  "HASQualified": false,
  "HIAAccount": false,
  "HRAAccount": false,
  "memberFunding": "HSA",
  "variantID": "01",
  "variantType": "Standard Off Exchange Plan",
  "AVIssuer": "wwww",
  "serviceArea": "eeee",
  "marketSegment": "Individual Under 65",
  "name": "hzhou_050402",
  "description": "eeee"
}