[
  {
    "annotation": null,
    "deleted": "false",
    "document-uri": "/plans/f5c78bbc-403d-4ae9-b773-fe3a1f58e92f-12",
    "created": "2016-06-13T12:19:56.1-04:00",
    "author": "10184095556246341763",
    "external-security-id": "0",
    "version-id": "12",
    "external-user-name": null,
    "latest": "true",
    "pretty-version-Id": "8"
  },
  {
    "annotation": null,
    "deleted": "false",
    "document-uri": "/plans/f5c78bbc-403d-4ae9-b773-fe3a1f58e92f-11",
    "created": "2016-06-13T12:19:08.808-04:00",
    "author": "10184095556246341763",
    "external-security-id": "0",
    "version-id": "11",
    "replaced": "2016-06-13T12:19:56.1-04:00",
    "external-user-name": null,
    "latest": "false",
    "pretty-version-Id": "7"
  },
  {
    "annotation": null,
    "deleted": "false",
    "document-uri": "/plans/f5c78bbc-403d-4ae9-b773-fe3a1f58e92f-10",
    "created": "2016-06-13T12:19:08.746-04:00",
    "author": "10184095556246341763",
    "external-security-id": "0",
    "version-id": "10",
    "replaced": "2016-06-13T12:19:08.808-04:00",
    "external-user-name": null,
    "latest": "false",
    "pretty-version-Id": "6"
  },
  {
    "annotation": null,
    "deleted": "false",
    "document-uri": "/plans/f5c78bbc-403d-4ae9-b773-fe3a1f58e92f-9",
    "created": "2016-06-13T12:17:32.855-04:00",
    "author": "10184095556246341763",
    "external-security-id": "0",
    "version-id": "9",
    "replaced": "2016-06-13T12:19:08.746-04:00",
    "external-user-name": null,
    "latest": "false",
    "pretty-version-Id": "5"
  },
  {
    "annotation": null,
    "deleted": "false",
    "document-uri": "/plans/f5c78bbc-403d-4ae9-b773-fe3a1f58e92f-7",
    "created": "2016-06-13T12:16:20.696-04:00",
    "author": "10184095556246341763",
    "external-security-id": "0",
    "version-id": "7",
    "replaced": "2016-06-13T12:17:32.797-04:00",
    "external-user-name": null,
    "latest": "false",
    "pretty-version-Id": "4"
  },
  {
    "annotation": null,
    "deleted": "false",
    "document-uri": "/plans/f5c78bbc-403d-4ae9-b773-fe3a1f58e92f-5",
    "created": "2016-06-13T12:16:19.864-04:00",
    "author": "10184095556246341763",
    "external-security-id": "0",
    "version-id": "5",
    "replaced": "2016-06-13T12:16:20.63-04:00",
    "external-user-name": null,
    "latest": "false",
    "pretty-version-Id": "3"
  },
  {
    "annotation": null,
    "deleted": "false",
    "document-uri": "/plans/f5c78bbc-403d-4ae9-b773-fe3a1f58e92f-3",
    "created": "2016-06-13T12:16:18.358-04:00",
    "author": "10184095556246341763",
    "external-security-id": "0",
    "version-id": "3",
    "replaced": "2016-06-13T12:16:19.798-04:00",
    "external-user-name": null,
    "latest": "false",
    "pretty-version-Id": "2"
  },
  {
    "annotation": null,
    "deleted": "false",
    "document-uri": "/plans/f5c78bbc-403d-4ae9-b773-fe3a1f58e92f-1",
    "created": "2016-06-13T12:15:39.859-04:00",
    "author": "10184095556246341763",
    "external-security-id": "0",
    "version-id": "1",
    "replaced": "2016-06-13T12:16:18.214-04:00",
    "external-user-name": null,
    "latest": "false",
    "pretty-version-Id": "1"
  }
]
