[{
   "element1": "1",
   "element2": "2",
   "element3": "3",
   "element4": "4",
   "effectiveDates": {
      "effectiveDate": "2015-04-23",
      "endDate": "2016-04-23"
   },
   "globalCostShare": {
      "deductible": [{
         "value": 600,
         "valueType": "F1"
      }, {
         "value": 1200,
         "valueType": "F2"
      }],
      "copay": [{
         "value": 200,
         "valueType": "F1"
      }, {
         "value": 400,
         "valueType": "F2"
      }, {
         "value": 600,
         "valueType": "F3"
      }],
      "moop": [{
         "value": 300,
         "valueType": "F1"
      }, {
         "value": 600,
         "valueType": "F2"
      }, {
         "value": 900,
         "valueType": "F3"
      }, {
         "value": 1200,
         "valueType": "F4"
      }, {
         "value": 1500,
         "valueType": "F5"
      }]
   },
   "lastModificationDate": "2015-04-09",
   "numberOfTiers": 6,
   "productClass": [
      "Medical"
   ],
   "fundingArrangement": "Fully Insured",
   "name": "HMO Large Jan0120161428617094105-001",
   "providerTierNames": [
      "Tier 1",
      "Tier 2",
      "Tier 3",
      "Tier 4",
      "Tier 5",
      "Tier 6"
   ],
   "planFamily": [
      "HMO Local"
   ],
   "objectId": "f0d4cfcd-395a-4291-a910-9be1ea48c529;1.1",
   "productType": [
      "HMO"
   ],
   "marketSegment": "Small (1-50)",
   "planYear": 2016,
   "lastModifiedBy": "admin",
   "productStatus": "Draft",
   "planDueDate": "2015-04-23",
   "createdBy": "admin"
}, {
   "element1": "1",
   "element2": "2",
   "element3": "3",
   "element4": "4",
   "effectiveDates": {
      "effectiveDate": "2015-04-23",
      "endDate": "2016-04-23"
   },
   "globalCostShare": {
      "deductible": [{
         "value": 300,
         "valueType": "F1"
      }, {
         "value": 600,
         "valueType": "F2"
      }, {
         "value": 900,
         "valueType": "F3"
      }, {
         "value": 1200,
         "valueType": "F4"
      }],
      "copay": [{
         "value": 400,
         "valueType": "F1"
      }, {
         "value": 800,
         "valueType": "F2"
      }],
      "moop": [{
         "value": 300,
         "valueType": "F1"
      }, {
         "value": 600,
         "valueType": "F2"
      }]
   },
   "lastModificationDate": "2015-04-09",
   "numberOfTiers": 6,
   "productClass": [
      "Dental"
   ],
   "fundingArrangement": "Fully Insured",
   "name": "HMO Large Jan0120161428617110612-002",
   "providerTierNames": [
      "Tier 1",
      "Tier 2",
      "Tier 3",
      "Tier 4",
      "Tier 5",
      "Tier 6"
   ],
   "planFamily": [
      "HMO Local"
   ],
   "objectId": "1330cc67-bfb8-41f2-8ddf-c401d1dd94c5;1.1",
   "productType": [
      "HMO"
   ],
   "marketSegment": "Small (1-50)",
   "planYear": 2016,
   "lastModifiedBy": "admin",
   "productStatus": "in-process",
   "planDueDate": "2015-04-13",
   "createdBy": "admin"
}, {
   "element1": "1",
   "element2": "2",
   "element3": "3",
   "element4": "4",
   "effectiveDates": {
      "effectiveDate": "2015-04-23",
      "endDate": "2016-04-23"
   },
   "globalCostShare": {
      "deductible": [{
         "value": 300,
         "valueType": "F1"
      }, {
         "value": 600,
         "valueType": "F2"
      }, {
         "value": 900,
         "valueType": "F3"
      }, {
         "value": 1200,
         "valueType": "F4"
      }],
      "copay": [{
         "value": 400,
         "valueType": "F1"
      }, {
         "value": 800,
         "valueType": "F2"
      }],
      "moop": [{
         "value": 300,
         "valueType": "F1"
      }, {
         "value": 600,
         "valueType": "F2"
      }]
   },
   "lastModificationDate": "2015-04-09",
   "numberOfTiers": 6,
   "productClass": [
      "Vision"
   ],
   "fundingArrangement": "Fully Insured",
   "name": "HMO Large Jan0120161428617110612-003",
   "providerTierNames": [
      "Tier 1",
      "Tier 2",
      "Tier 3",
      "Tier 4",
      "Tier 5",
      "Tier 6"
   ],
   "planFamily": [
      "HMO Local"
   ],
   "objectId": "1330cc67-bfb8-41f2-8ddf-c401d1dd94c5;1.1",
   "productType": [
      "HMO"
   ],
   "marketSegment": "Small (1-50)",
   "planYear": 2016,
   "lastModifiedBy": "admin",
   "productStatus": "validation failed",
   "planDueDate": "2015-04-14",
   "createdBy": "admin"
}, {
   "element1": "1",
   "element2": "2",
   "element3": "3",
   "element4": "4",
   "effectiveDates": {
      "effectiveDate": "2015-04-23",
      "endDate": "2016-04-23"
   },
   "globalCostShare": {
      "deductible": [{
         "value": 300,
         "valueType": "F1"
      }, {
         "value": 600,
         "valueType": "F2"
      }, {
         "value": 900,
         "valueType": "F3"
      }, {
         "value": 1200,
         "valueType": "F4"
      }],
      "copay": [{
         "value": 400,
         "valueType": "F1"
      }, {
         "value": 800,
         "valueType": "F2"
      }],
      "moop": [{
         "value": 300,
         "valueType": "F1"
      }, {
         "value": 600,
         "valueType": "F2"
      }]
   },
   "lastModificationDate": "2015-04-09",
   "numberOfTiers": 6,
   "productClass": [
      "Pharmacy"
   ],
   "fundingArrangement": "Fully Insured",
   "name": "HMO Large Jan0120161428617110612-004",
   "providerTierNames": [
      "Tier 1",
      "Tier 2",
      "Tier 3",
      "Tier 4",
      "Tier 5",
      "Tier 6"
   ],
   "planFamily": [
      "HMO Local"
   ],
   "objectId": "1330cc67-bfb8-41f2-8ddf-c401d1dd94c5;1.1",
   "productType": [
      "HMO"
   ],
   "marketSegment": "Small (1-50)",
   "planYear": 2016,
   "lastModifiedBy": "admin",
   "productStatus": "Override",
   "planDueDate": "2015-04-15",
   "createdBy": "admin"
}, {
   "element1": "1",
   "element2": "2",
   "element3": "3",
   "element4": "4",
   "effectiveDates": {
      "effectiveDate": "2015-04-23",
      "endDate": "2016-04-23"
   },
   "globalCostShare": {
      "deductible": [{
         "value": 300,
         "valueType": "F1"
      }, {
         "value": 600,
         "valueType": "F2"
      }, {
         "value": 900,
         "valueType": "F3"
      }, {
         "value": 1200,
         "valueType": "F4"
      }],
      "copay": [{
         "value": 400,
         "valueType": "F1"
      }, {
         "value": 800,
         "valueType": "F2"
      }],
      "moop": [{
         "value": 300,
         "valueType": "F1"
      }, {
         "value": 600,
         "valueType": "F2"
      }]
   },
   "lastModificationDate": "2015-04-09",
   "numberOfTiers": 6,
   "productClass": [
      "Medical"
   ],
   "fundingArrangement": "Fully Insured",
   "name": "HMO Large Jan0120161428617110612-005",
   "providerTierNames": [
      "Tier 1",
      "Tier 2",
      "Tier 3",
      "Tier 4",
      "Tier 5",
      "Tier 6"
   ],
   "planFamily": [
      "HMO Local"
   ],
   "objectId": "1330cc67-bfb8-41f2-8ddf-c401d1dd94c5;1.1",
   "productType": [
      "HMO"
   ],
   "marketSegment": "Small (1-50)",
   "planYear": 2016,
   "lastModifiedBy": "admin",
   "productStatus": "published",
   "planDueDate": "2015-03-23",
   "createdBy": "admin"
}, {
   "element1": "1",
   "element2": "2",
   "element3": "3",
   "element4": "4",
   "effectiveDates": {
      "effectiveDate": "2015-04-23",
      "endDate": "2016-04-23"
   },
   "globalCostShare": {
      "deductible": [{
         "value": 300,
         "valueType": "F1"
      }, {
         "value": 600,
         "valueType": "F2"
      }, {
         "value": 900,
         "valueType": "F3"
      }, {
         "value": 1200,
         "valueType": "F4"
      }],
      "copay": [{
         "value": 400,
         "valueType": "F1"
      }, {
         "value": 800,
         "valueType": "F2"
      }],
      "moop": [{
         "value": 300,
         "valueType": "F1"
      }, {
         "value": 600,
         "valueType": "F2"
      }]
   },
   "lastModificationDate": "2015-04-09",
   "numberOfTiers": 6,
   "productClass": [
      "Dental"
   ],
   "fundingArrangement": "Fully Insured",
   "name": "HMO Large Jan0120161428617110612-006",
   "providerTierNames": [
      "Tier 1",
      "Tier 2",
      "Tier 3",
      "Tier 4",
      "Tier 5",
      "Tier 6"
   ],
   "planFamily": [
      "HMO Local"
   ],
   "objectId": "1330cc67-bfb8-41f2-8ddf-c401d1dd94c5;1.1",
   "productType": [
      "HMO"
   ],
   "marketSegment": "Small (1-50)",
   "planYear": 2016,
   "lastModifiedBy": "admin",
   "productStatus": "Draft",
   "planDueDate": "2015-02-23",
   "createdBy": "admin"
}, {
   "element1": "1",
   "element2": "2",
   "element3": "3",
   "element4": "4",
   "effectiveDates": {
      "effectiveDate": "2015-04-23",
      "endDate": "2016-04-23"
   },
   "globalCostShare": {
      "deductible": [{
         "value": 300,
         "valueType": "F1"
      }, {
         "value": 600,
         "valueType": "F2"
      }, {
         "value": 900,
         "valueType": "F3"
      }, {
         "value": 1200,
         "valueType": "F4"
      }],
      "copay": [{
         "value": 400,
         "valueType": "F1"
      }, {
         "value": 800,
         "valueType": "F2"
      }],
      "moop": [{
         "value": 300,
         "valueType": "F1"
      }, {
         "value": 600,
         "valueType": "F2"
      }]
   },
   "lastModificationDate": "2015-04-09",
   "numberOfTiers": 6,
   "productClass": [
      "Vision"
   ],
   "fundingArrangement": "Fully Insured",
   "name": "HMO Large Jan0120161428617110612-007",
   "providerTierNames": [
      "Tier 1",
      "Tier 2",
      "Tier 3",
      "Tier 4",
      "Tier 5",
      "Tier 6"
   ],
   "planFamily": [
      "HMO Local"
   ],
   "objectId": "1330cc67-bfb8-41f2-8ddf-c401d1dd94c5;1.1",
   "productType": [
      "HMO"
   ],
   "marketSegment": "Small (1-50)",
   "planYear": 2016,
   "lastModifiedBy": "admin",
   "productStatus": "in-process",
   "planDueDate": "2015-04-23",
   "createdBy": "admin"
}, {
   "element1": "1",
   "element2": "2",
   "element3": "3",
   "element4": "4",
   "effectiveDates": {
      "effectiveDate": "2015-04-23",
      "endDate": "2016-04-23"
   },
   "globalCostShare": {
      "deductible": [{
         "value": 300,
         "valueType": "F1"
      }, {
         "value": 600,
         "valueType": "F2"
      }, {
         "value": 900,
         "valueType": "F3"
      }, {
         "value": 1200,
         "valueType": "F4"
      }],
      "copay": [{
         "value": 400,
         "valueType": "F1"
      }, {
         "value": 800,
         "valueType": "F2"
      }],
      "moop": [{
         "value": 300,
         "valueType": "F1"
      }, {
         "value": 600,
         "valueType": "F2"
      }]
   },
   "lastModificationDate": "2015-04-09",
   "numberOfTiers": 6,
   "productClass": [
      "Medical"
   ],
   "fundingArrangement": "Fully Insured",
   "name": "HMO Large Jan0120161428617110612-008",
   "providerTierNames": [
      "Tier 1",
      "Tier 2",
      "Tier 3",
      "Tier 4",
      "Tier 5",
      "Tier 6"
   ],
   "planFamily": [
      "HMO Local"
   ],
   "objectId": "1330cc67-bfb8-41f2-8ddf-c401d1dd94c5;1.1",
   "productType": [
      "HMO"
   ],
   "marketSegment": "Small (1-50)",
   "planYear": 2016,
   "lastModifiedBy": "admin",
   "productStatus": "validation failed",
   "planDueDate": "2015-04-23",
   "createdBy": "admin"
}, {
   "element1": "1",
   "element2": "2",
   "element3": "3",
   "element4": "4",
   "effectiveDates": {
      "effectiveDate": "2015-04-23",
      "endDate": "2016-04-23"
   },
   "globalCostShare": {
      "deductible": [{
         "value": 300,
         "valueType": "F1"
      }, {
         "value": 600,
         "valueType": "F2"
      }, {
         "value": 900,
         "valueType": "F3"
      }, {
         "value": 1200,
         "valueType": "F4"
      }],
      "copay": [{
         "value": 400,
         "valueType": "F1"
      }, {
         "value": 800,
         "valueType": "F2"
      }],
      "moop": [{
         "value": 300,
         "valueType": "F1"
      }, {
         "value": 600,
         "valueType": "F2"
      }]
   },
   "lastModificationDate": "2015-04-09",
   "numberOfTiers": 6,
   "productClass": [
      "Medical"
   ],
   "fundingArrangement": "Fully Insured",
   "name": "HMO Large Jan0120161428617110612-009",
   "providerTierNames": [
      "Tier 1",
      "Tier 2",
      "Tier 3",
      "Tier 4",
      "Tier 5",
      "Tier 6"
   ],
   "planFamily": [
      "HMO Local"
   ],
   "objectId": "1330cc67-bfb8-41f2-8ddf-c401d1dd94c5;1.1",
   "productType": [
      "HMO"
   ],
   "marketSegment": "Small (1-50)",
   "planYear": 2016,
   "lastModifiedBy": "admin",
   "productStatus": "Override",
   "planDueDate": "2015-04-23",
   "createdBy": "admin"
}, {
   "element1": "1",
   "element2": "2",
   "element3": "3",
   "element4": "4",
   "effectiveDates": {
      "effectiveDate": "2015-04-23",
      "endDate": "2016-04-23"
   },
   "globalCostShare": {
      "deductible": [{
         "value": 300,
         "valueType": "F1"
      }, {
         "value": 600,
         "valueType": "F2"
      }, {
         "value": 900,
         "valueType": "F3"
      }, {
         "value": 1200,
         "valueType": "F4"
      }],
      "copay": [{
         "value": 400,
         "valueType": "F1"
      }, {
         "value": 800,
         "valueType": "F2"
      }],
      "moop": [{
         "value": 300,
         "valueType": "F1"
      }, {
         "value": 600,
         "valueType": "F2"
      }]
   },
   "lastModificationDate": "2015-04-09",
   "numberOfTiers": 6,
   "productClass": [
      "Medical"
   ],
   "fundingArrangement": "Fully Insured",
   "name": "HMO Large Jan0120161428617110612-010",
   "providerTierNames": [
      "Tier 1",
      "Tier 2",
      "Tier 3",
      "Tier 4",
      "Tier 5",
      "Tier 6"
   ],
   "planFamily": [
      "HMO Local"
   ],
   "objectId": "1330cc67-bfb8-41f2-8ddf-c401d1dd94c5;1.1",
   "productType": [
      "HMO"
   ],
   "marketSegment": "Small (1-50)",
   "planYear": 2016,
   "lastModifiedBy": "admin",
   "productStatus": "published",
   "planDueDate": "2015-04-23",
   "createdBy": "admin"
}, {
   "element1": "1",
   "element2": "2",
   "element3": "3",
   "element4": "4",
   "effectiveDates": {
      "effectiveDate": "2015-04-23",
      "endDate": "2016-04-23"
   },
   "globalCostShare": {
      "deductible": [{
         "value": 300,
         "valueType": "F1"
      }, {
         "value": 600,
         "valueType": "F2"
      }, {
         "value": 900,
         "valueType": "F3"
      }, {
         "value": 1200,
         "valueType": "F4"
      }],
      "copay": [{
         "value": 400,
         "valueType": "F1"
      }, {
         "value": 800,
         "valueType": "F2"
      }],
      "moop": [{
         "value": 300,
         "valueType": "F1"
      }, {
         "value": 600,
         "valueType": "F2"
      }]
   },
   "lastModificationDate": "2015-04-09",
   "numberOfTiers": 6,
   "productClass": [
      "Medical"
   ],
   "fundingArrangement": "Fully Insured",
   "name": "HMO Large Jan0120161428617110612-011",
   "providerTierNames": [
      "Tier 1",
      "Tier 2",
      "Tier 3",
      "Tier 4",
      "Tier 5",
      "Tier 6"
   ],
   "planFamily": [
      "HMO Local"
   ],
   "objectId": "1330cc67-bfb8-41f2-8ddf-c401d1dd94c5;1.1",
   "productType": [
      "HMO"
   ],
   "marketSegment": "Small (1-50)",
   "planYear": 2016,
   "lastModifiedBy": "admin",
   "productStatus": "Draft",
   "planDueDate": "2015-04-23",
   "createdBy": "admin"
}, {
   "element1": "1",
   "element2": "2",
   "element3": "3",
   "element4": "4",
   "effectiveDates": {
      "effectiveDate": "2015-04-23",
      "endDate": "2016-04-23"
   },
   "globalCostShare": {
      "deductible": [{
         "value": 300,
         "valueType": "F1"
      }, {
         "value": 600,
         "valueType": "F2"
      }, {
         "value": 900,
         "valueType": "F3"
      }, {
         "value": 1200,
         "valueType": "F4"
      }],
      "copay": [{
         "value": 400,
         "valueType": "F1"
      }, {
         "value": 800,
         "valueType": "F2"
      }],
      "moop": [{
         "value": 300,
         "valueType": "F1"
      }, {
         "value": 600,
         "valueType": "F2"
      }]
   },
   "lastModificationDate": "2015-04-09",
   "numberOfTiers": 6,
   "productClass": [
      "Medical"
   ],
   "fundingArrangement": "Fully Insured",
   "name": "HMO Large Jan0120161428617110612-012",
   "providerTierNames": [
      "Tier 1",
      "Tier 2",
      "Tier 3",
      "Tier 4",
      "Tier 5",
      "Tier 6"
   ],
   "planFamily": [
      "HMO Local"
   ],
   "objectId": "1330cc67-bfb8-41f2-8ddf-c401d1dd94c5;1.1",
   "productType": [
      "HMO"
   ],
   "marketSegment": "Small (1-50)",
   "planYear": 2016,
   "lastModifiedBy": "admin",
   "productStatus": "Override",
   "planDueDate": "2015-04-23",
   "createdBy": "admin"
}, {
   "element1": "1",
   "element2": "2",
   "element3": "3",
   "element4": "4",
   "effectiveDates": {
      "effectiveDate": "2015-04-23",
      "endDate": "2016-04-23"
   },
   "globalCostShare": {
      "deductible": [{
         "value": 300,
         "valueType": "F1"
      }, {
         "value": 600,
         "valueType": "F2"
      }, {
         "value": 900,
         "valueType": "F3"
      }, {
         "value": 1200,
         "valueType": "F4"
      }],
      "copay": [{
         "value": 400,
         "valueType": "F1"
      }, {
         "value": 800,
         "valueType": "F2"
      }],
      "moop": [{
         "value": 300,
         "valueType": "F1"
      }, {
         "value": 600,
         "valueType": "F2"
      }]
   },
   "lastModificationDate": "2015-04-09",
   "numberOfTiers": 6,
   "productClass": [
      "Medical"
   ],
   "fundingArrangement": "Fully Insured",
   "name": "HMO Large Jan0120161428617110612-013",
   "providerTierNames": [
      "Tier 1",
      "Tier 2",
      "Tier 3",
      "Tier 4",
      "Tier 5",
      "Tier 6"
   ],
   "planFamily": [
      "HMO Local"
   ],
   "objectId": "1330cc67-bfb8-41f2-8ddf-c401d1dd94c5;1.1",
   "productType": [
      "HMO"
   ],
   "marketSegment": "Small (1-50)",
   "planYear": 2016,
   "lastModifiedBy": "admin",
   "productStatus": "published",
   "planDueDate": "2015-04-23",
   "createdBy": "admin"
}, {
   "element1": "1",
   "element2": "2",
   "element3": "3",
   "element4": "4",
   "effectiveDates": {
      "effectiveDate": "2015-04-23",
      "endDate": "2016-04-23"
   },
   "globalCostShare": {
      "deductible": [{
         "value": 300,
         "valueType": "F1"
      }, {
         "value": 600,
         "valueType": "F2"
      }, {
         "value": 900,
         "valueType": "F3"
      }, {
         "value": 1200,
         "valueType": "F4"
      }],
      "copay": [{
         "value": 400,
         "valueType": "F1"
      }, {
         "value": 800,
         "valueType": "F2"
      }],
      "moop": [{
         "value": 300,
         "valueType": "F1"
      }, {
         "value": 600,
         "valueType": "F2"
      }]
   },
   "lastModificationDate": "2015-04-09",
   "numberOfTiers": 6,
   "productClass": [
      "Medical"
   ],
   "fundingArrangement": "Fully Insured",
   "name": "HMO Large Jan0120161428617110612-014",
   "providerTierNames": [
      "Tier 1",
      "Tier 2",
      "Tier 3",
      "Tier 4",
      "Tier 5",
      "Tier 6"
   ],
   "planFamily": [
      "HMO Local"
   ],
   "objectId": "1330cc67-bfb8-41f2-8ddf-c401d1dd94c5;1.1",
   "productType": [
      "HMO"
   ],
   "marketSegment": "Small (1-50)",
   "planYear": 2016,
   "lastModifiedBy": "admin",
   "productStatus": "published",
   "planDueDate": "2015-04-23",
   "createdBy": "admin"
}, {
   "element1": "1",
   "element2": "2",
   "element3": "3",
   "element4": "4",
   "effectiveDates": {
      "effectiveDate": "2015-04-23",
      "endDate": "2016-04-23"
   },
   "globalCostShare": {
      "deductible": [{
         "value": 300,
         "valueType": "F1"
      }, {
         "value": 600,
         "valueType": "F2"
      }, {
         "value": 900,
         "valueType": "F3"
      }, {
         "value": 1200,
         "valueType": "F4"
      }],
      "copay": [{
         "value": 400,
         "valueType": "F1"
      }, {
         "value": 800,
         "valueType": "F2"
      }],
      "moop": [{
         "value": 300,
         "valueType": "F1"
      }, {
         "value": 600,
         "valueType": "F2"
      }]
   },
   "lastModificationDate": "2015-04-09",
   "numberOfTiers": 6,
   "productClass": [
      "Medical"
   ],
   "fundingArrangement": "Fully Insured",
   "name": "HMO Large Jan0120161428617110612-015",
   "providerTierNames": [
      "Tier 1",
      "Tier 2",
      "Tier 3",
      "Tier 4",
      "Tier 5",
      "Tier 6"
   ],
   "planFamily": [
      "HMO Local"
   ],
   "objectId": "1330cc67-bfb8-41f2-8ddf-c401d1dd94c5;1.1",
   "productType": [
      "HMO"
   ],
   "marketSegment": "Small (1-50)",
   "planYear": 2016,
   "lastModifiedBy": "admin",
   "productStatus": "Override",
   "planDueDate": "2015-04-23",
   "createdBy": "admin"
}, {
   "element1": "1",
   "element2": "2",
   "element3": "3",
   "element4": "4",
   "effectiveDates": {
      "effectiveDate": "2015-04-23",
      "endDate": "2016-04-23"
   },
   "globalCostShare": {
      "deductible": [{
         "value": 300,
         "valueType": "F1"
      }, {
         "value": 600,
         "valueType": "F2"
      }, {
         "value": 900,
         "valueType": "F3"
      }, {
         "value": 1200,
         "valueType": "F4"
      }],
      "copay": [{
         "value": 400,
         "valueType": "F1"
      }, {
         "value": 800,
         "valueType": "F2"
      }],
      "moop": [{
         "value": 300,
         "valueType": "F1"
      }, {
         "value": 600,
         "valueType": "F2"
      }]
   },
   "lastModificationDate": "2015-04-09",
   "numberOfTiers": 6,
   "productClass": [
      "Medical"
   ],
   "fundingArrangement": "Fully Insured",
   "name": "HMO Large Jan0120161428617110612-016",
   "providerTierNames": [
      "Tier 1",
      "Tier 2",
      "Tier 3",
      "Tier 4",
      "Tier 5",
      "Tier 6"
   ],
   "planFamily": [
      "HMO Local"
   ],
   "objectId": "1330cc67-bfb8-41f2-8ddf-c401d1dd94c5;1.1",
   "productType": [
      "HMO"
   ],
   "marketSegment": "Small (1-50)",
   "planYear": 2016,
   "lastModifiedBy": "admin",
   "productStatus": "Draft",
   "planDueDate": "2015-04-23",
   "createdBy": "admin"
}, {
   "element1": "1",
   "element2": "2",
   "element3": "3",
   "element4": "4",
   "effectiveDates": {
      "effectiveDate": "2015-04-23",
      "endDate": "2016-04-23"
   },
   "globalCostShare": {
      "deductible": [{
         "value": 300,
         "valueType": "F1"
      }, {
         "value": 600,
         "valueType": "F2"
      }, {
         "value": 900,
         "valueType": "F3"
      }, {
         "value": 1200,
         "valueType": "F4"
      }],
      "copay": [{
         "value": 400,
         "valueType": "F1"
      }, {
         "value": 800,
         "valueType": "F2"
      }],
      "moop": [{
         "value": 300,
         "valueType": "F1"
      }, {
         "value": 600,
         "valueType": "F2"
      }]
   },
   "lastModificationDate": "2015-04-09",
   "numberOfTiers": 6,
   "productClass": [
      "Medical"
   ],
   "fundingArrangement": "Fully Insured",
   "name": "HMO Large Jan0120161428617110612-017",
   "providerTierNames": [
      "Tier 1",
      "Tier 2",
      "Tier 3",
      "Tier 4",
      "Tier 5",
      "Tier 6"
   ],
   "planFamily": [
      "HMO Local"
   ],
   "objectId": "1330cc67-bfb8-41f2-8ddf-c401d1dd94c5;1.1",
   "productType": [
      "HMO"
   ],
   "marketSegment": "Small (1-50)",
   "planYear": 2016,
   "lastModifiedBy": "admin",
   "productStatus": "in-process",
   "planDueDate": "2015-04-23",
   "createdBy": "admin"
}, {
   "element1": "1",
   "element2": "2",
   "element3": "3",
   "element4": "4",
   "effectiveDates": {
      "effectiveDate": "2015-04-23",
      "endDate": "2016-04-23"
   },
   "globalCostShare": {
      "deductible": [{
         "value": 300,
         "valueType": "F1"
      }, {
         "value": 600,
         "valueType": "F2"
      }, {
         "value": 900,
         "valueType": "F3"
      }, {
         "value": 1200,
         "valueType": "F4"
      }],
      "copay": [{
         "value": 400,
         "valueType": "F1"
      }, {
         "value": 800,
         "valueType": "F2"
      }],
      "moop": [{
         "value": 300,
         "valueType": "F1"
      }, {
         "value": 600,
         "valueType": "F2"
      }]
   },
   "lastModificationDate": "2015-04-09",
   "numberOfTiers": 6,
   "productClass": [
      "Medical"
   ],
   "fundingArrangement": "Fully Insured",
   "name": "HMO Large Jan0120161428617110612-018",
   "providerTierNames": [
      "Tier 1",
      "Tier 2",
      "Tier 3",
      "Tier 4",
      "Tier 5",
      "Tier 6"
   ],
   "planFamily": [
      "HMO Local"
   ],
   "objectId": "1330cc67-bfb8-41f2-8ddf-c401d1dd94c5;1.1",
   "productType": [
      "HMO"
   ],
   "marketSegment": "Small (1-50)",
   "planYear": 2016,
   "lastModifiedBy": "admin",
   "productStatus": "in-process",
   "planDueDate": "2015-04-23",
   "createdBy": "admin"
}, {
   "element1": "1",
   "element2": "2",
   "element3": "3",
   "element4": "4",
   "effectiveDates": {
      "effectiveDate": "2015-04-23",
      "endDate": "2016-04-23"
   },
   "globalCostShare": {
      "deductible": [{
         "value": 300,
         "valueType": "F1"
      }, {
         "value": 600,
         "valueType": "F2"
      }, {
         "value": 900,
         "valueType": "F3"
      }, {
         "value": 1200,
         "valueType": "F4"
      }],
      "copay": [{
         "value": 400,
         "valueType": "F1"
      }, {
         "value": 800,
         "valueType": "F2"
      }],
      "moop": [{
         "value": 300,
         "valueType": "F1"
      }, {
         "value": 600,
         "valueType": "F2"
      }]
   },
   "lastModificationDate": "2015-04-09",
   "numberOfTiers": 6,
   "productClass": [
      "Medical"
   ],
   "fundingArrangement": "Fully Insured",
   "name": "HMO Large Jan0120161428617110612-019",
   "providerTierNames": [
      "Tier 1",
      "Tier 2",
      "Tier 3",
      "Tier 4",
      "Tier 5",
      "Tier 6"
   ],
   "planFamily": [
      "HMO Local"
   ],
   "objectId": "1330cc67-bfb8-41f2-8ddf-c401d1dd94c5;1.1",
   "productType": [
      "HMO"
   ],
   "marketSegment": "Small (1-50)",
   "planYear": 2016,
   "lastModifiedBy": "admin",
   "productStatus": "Draft",
   "planDueDate": "2015-04-23",
   "createdBy": "admin"
}, {
   "element1": "1",
   "element2": "2",
   "element3": "3",
   "element4": "4",
   "effectiveDates": {
      "effectiveDate": "2015-04-23",
      "endDate": "2016-04-23"
   },
   "globalCostShare": {
      "deductible": [{
         "value": 300,
         "valueType": "F1"
      }, {
         "value": 600,
         "valueType": "F2"
      }, {
         "value": 900,
         "valueType": "F3"
      }, {
         "value": 1200,
         "valueType": "F4"
      }],
      "copay": [{
         "value": 400,
         "valueType": "F1"
      }, {
         "value": 800,
         "valueType": "F2"
      }],
      "moop": [{
         "value": 300,
         "valueType": "F1"
      }, {
         "value": 600,
         "valueType": "F2"
      }]
   },
   "lastModificationDate": "2015-04-09",
   "numberOfTiers": 6,
   "productClass": [
      "Medical"
   ],
   "fundingArrangement": "Fully Insured",
   "name": "HMO Large Jan0120161428617110612-020",
   "providerTierNames": [
      "Tier 1",
      "Tier 2",
      "Tier 3",
      "Tier 4",
      "Tier 5",
      "Tier 6"
   ],
   "planFamily": [
      "HMO Local"
   ],
   "objectId": "1330cc67-bfb8-41f2-8ddf-c401d1dd94c5;1.1",
   "productType": [
      "HMO"
   ],
   "marketSegment": "Small (1-50)",
   "planYear": 2016,
   "lastModifiedBy": "admin",
   "productStatus": "Draft",
   "planDueDate": "2015-04-23",
   "createdBy": "admin"
}]