[
  {
    "id": 1,
    "name": "Kiwi",
    "effectiveDateFrom": "2014-03-10T13:40:44.051Z",
    "effectiveDateTo": "2015-09-10T13:40:44.051Z",
    "createdOn": "2014-03-10T13:40:44.051Z",
    "draft": false,
    "children": {
      "count": 2,
      "type": "documents"
    }
  },
  {
    "id": 2,
    "name": "Peach",
    "effectiveDateFrom": "2014-03-10T13:40:44.051Z",
    "effectiveDateTo": "2015-09-10T13:40:44.051Z",
    "createdOn": "2014-03-10T13:40:44.051Z",
    "draft": false,
    "children": {
      "count": 0,
      "type": "documents"
    }
  }
]
