[{
   "objectId": "b196d8a4-61fb-4579-ac8a-54c4b9b35531;1.0",
   "element1": 1,
   "element2": 2,
   "element3": 3,
   "element4": 4,
   "name": "plan-name-1",
   "effectiveDate": {
      "startDate": "2015-02-23T05:00:00.000Z",
      "endDate": "2015-02-26T05:00:00.000Z"
   },
   "productStatus": "override",
   "productClass": ["Medical", "Vision"],
   "planDueDate": "2015-02-23",
   "globalCostShare": {
      "deductible": [{
         "value": 20,
         "valueType": "I"
      }, {
         "value": 500,
         "valueType": "F"
      }],
      "copay": [{
         "value": 45,
         "valueType": "I"
      }, {
         "value": 80,
         "valueType": "F"
      }],
      "MOOP": [{
         "value": 40,
         "valueType": "I"
      }, {
         "value": 100,
         "valueType": "F"
      }]
   },
   "planFamily": [
      "HMO Local",
      "HMO NE",
      "PPO NE"
   ]
}, {
   "objectId": "b196d8a4-61fb-4579-ac8a-54c4b9b35531;1.0",
   "element1": 1,
   "element2": 2,
   "element3": 3,
   "element4": 4,
   "name": "plan-name-2",
   "effectiveDate": {
      "startDate": "2015-02-23T05:00:00.000Z",
      "endDate": "2015-02-26T05:00:00.000Z"
   },
   "productStatus": "published",
   "productClass": ["Dental", "Vision", "Medical", "Pharmacy"],
   "planDueDate": "2015-06-23T05:00:00.000Z",
   "globalCostShare": {
      "deductible": [{
         "value": 20,
         "valueType": "I"
      }, {
         "value": 500,
         "valueType": "F"
      }],
      "copay": [{
         "value": 45,
         "valueType": "I"
      }, {
         "value": 80,
         "valueType": "F"
      }],
      "MOOP": [{
         "value": 40,
         "valueType": "I"
      }, {
         "value": 100,
         "valueType": "F"
      }]
   },
   "planFamily": [
      "HMO Local",
      "HMO NE",
      "PPO NE"
   ]
}, {
   "objectId": "b196d8a4-61fb-4579-ac8a-54c4b9b35531;1.0",
   "element1": 1,
   "element2": 2,
   "element3": 3,
   "element4": 4,
   "name": "plan-name-3",
   "effectiveDate": {
      "startDate": "2015-02-23T05:00:00.000Z",
      "endDate": "2015-02-26T05:00:00.000Z"
   },
   "productStatus": "draft",
   "productClass": ["Vision"],
   "planDueDate": "2015-04-02",
   "globalCostShare": {
      "deductible": [{
         "value": 20,
         "valueType": "I"
      }, {
         "value": 500,
         "valueType": "F"
      }],
      "copay": [{
         "value": 45,
         "valueType": "I"
      }, {
         "value": 80,
         "valueType": "F"
      }],
      "MOOP": [{
         "value": 40,
         "valueType": "I"
      }, {
         "value": 100,
         "valueType": "F"
      }]
   },
   "planFamily": [
      "HMO Local",
      "HMO NE",
      "PPO Local"
   ]
}, {
   "objectId": "b196d8a4-61fb-4579-ac8a-54c4b9b35531;1.0",
   "element1": 1,
   "element2": 2,
   "element3": 3,
   "element4": 4,
   "name": "plan-name-4",
   "effectiveDate": {
      "startDate": "2015-02-23T05:00:00.000Z",
      "endDate": "2015-02-26T05:00:00.000Z"
   },
   "productStatus": "in process",
   "productClass": ["Pharmacy"],
   "planDueDate": "2015-04-03T05:00:00.000Z",
   "globalCostShare": {
      "deductible": [{
         "value": 20,
         "valueType": "I"
      }, {
         "value": 500,
         "valueType": "F"
      }],
      "copay": [{
         "value": 45,
         "valueType": "I"
      }, {
         "value": 80,
         "valueType": "F"
      }],
      "MOOP": [{
         "value": 40,
         "valueType": "I"
      }, {
         "value": 100,
         "valueType": "F"
      }]
   },
   "planFamily": [
      "HMO Local",
      "HMO NE",
      "PPO NE"
   ]
}, {
   "objectId": "b196d8a4-61fb-4579-ac8a-54c4b9b35531;1.0",
   "element1": 1,
   "element2": 2,
   "element3": 3,
   "element4": 4,
   "name": "plan-name-5",
   "effectiveDate": {
      "startDate": "2015-02-23T05:00:00.000Z",
      "endDate": "2015-02-26T05:00:00.000Z"
   },
   "productStatus": "validation failed",
   "productClass": ["Medical"],
   "planDueDate": "2015-04-04T05:00:00.000Z",
   "globalCostShare": {
      "deductible": [{
         "value": 20,
         "valueType": "I"
      }, {
         "value": 500,
         "valueType": "F"
      }],
      "copay": [{
         "value": 45,
         "valueType": "I"
      }, {
         "value": 80,
         "valueType": "F"
      }],
      "MOOP": [{
         "value": 40,
         "valueType": "I"
      }, {
         "value": 100,
         "valueType": "F"
      }]
   },
   "planFamily": [
      "HMO Local",
      "HMO NE",
      "PPO Local"
   ]
}, {
   "objectId": "b196d8a4-61fb-4579-ac8a-54c4b9b35531;1.0",
   "element1": 1,
   "element2": 2,
   "element3": 3,
   "element4": 4,
   "name": "plan-name-6",
   "effectiveDate": {
      "startDate": "2015-02-23T05:00:00.000Z",
      "endDate": "2015-02-26T05:00:00.000Z"
   },
   "productStatus": "validation failed",
   "productClass": ["Medical"],
   "planDueDate": "2015-02-23T05:00:00.000Z",
   "globalCostShare": {
      "deductible": [{
         "value": 20,
         "valueType": "I"
      }, {
         "value": 500,
         "valueType": "F"
      }],
      "copay": [{
         "value": 45,
         "valueType": "I"
      }, {
         "value": 80,
         "valueType": "F"
      }],
      "MOOP": [{
         "value": 40,
         "valueType": "I"
      }, {
         "value": 100,
         "valueType": "F"
      }]
   },
   "planFamily": [
      "HMO Local",
      "HMO NE",
      "PPO NE"
   ]
}, {
   "objectId": "b196d8a4-61fb-4579-ac8a-54c4b9b35531;1.0",
   "element1": 1,
   "element2": 2,
   "element3": 3,
   "element4": 4,
   "name": "plan-name-7",
   "effectiveDate": {
      "startDate": "2015-02-23T05:00:00.000Z",
      "endDate": "2015-02-26T05:00:00.000Z"
   },
   "productStatus": "in process",
   "productClass": ["Medical"],
   "planDueDate": "2015-02-23T05:00:00.000Z",
   "globalCostShare": {
      "deductible": [{
         "value": 20,
         "valueType": "I"
      }, {
         "value": 500,
         "valueType": "F"
      }],
      "copay": [{
         "value": 45,
         "valueType": "I"
      }, {
         "value": 80,
         "valueType": "F"
      }],
      "MOOP": [{
         "value": 40,
         "valueType": "I"
      }, {
         "value": 100,
         "valueType": "F"
      }]
   },
   "planFamily": [
      "HMO Local",
      "HMO NE",
      "PPO NE"
   ]
}, {
   "objectId": "b196d8a4-61fb-4579-ac8a-54c4b9b35531;1.0",
   "element1": 1,
   "element2": 2,
   "element3": 3,
   "element4": 4,
   "name": "plan-name-8",
   "effectiveDate": {
      "startDate": "2015-02-23T05:00:00.000Z",
      "endDate": "2015-02-26T05:00:00.000Z"
   },
   "productStatus": "published",
   "productClass": ["Medical"],
   "planDueDate": "2015-02-23T05:00:00.000Z",
   "globalCostShare": {
      "deductible": [{
         "value": 20,
         "valueType": "I"
      }, {
         "value": 500,
         "valueType": "F"
      }],
      "copay": [{
         "value": 45,
         "valueType": "I"
      }, {
         "value": 80,
         "valueType": "F"
      }],
      "MOOP": [{
         "value": 40,
         "valueType": "I"
      }, {
         "value": 100,
         "valueType": "F"
      }]
   },
   "planFamily": [
      "HMO Local",
      "HMO NE",
      "PPO Local"
   ]
}]