[{
    "Product": [{
        "AttributeId": "productClasses",
        "AttributeName": "Product",
        "AttributeValue": "Medical",
        "DisplayValue": "Medical"
    }, {
        "AttributeId": "productClasses",
        "AttributeName": "Product",
        "AttributeValue": "Dental",
        "DisplayValue": "Dental"
    }, {
        "AttributeId": "productClasses",
        "AttributeName": "Product",
        "AttributeValue": "Vision",
        "DisplayValue": "Vision"
    }, {
        "AttributeId": "productClasses",
        "AttributeName": "Product",
        "AttributeValue": "Pharmacy",
        "DisplayValue": "Pharmacy"
    }]
}, {
    "Product Type": [{
        "AttributeId": "productTypes",
        "AttributeName": "Product Type",
        "AttributeValue": "HMO",
        "DisplayValue": "HMO"
    }, {
        "AttributeId": "productTypes",
        "AttributeName": "Product Type",
        "AttributeValue": "PPO",
        "DisplayValue": "PPO"
    }, {
        "AttributeId": "productTypes",
        "AttributeName": "Product Type",
        "AttributeValue": "POS",
        "DisplayValue": "POS"
    }, {
        "AttributeId": "productTypes",
        "AttributeName": "Product Type",
        "AttributeValue": "EPO",
        "DisplayValue": "EPO"
    }, {
        "AttributeId": "productTypes",
        "AttributeName": "Product Type",
        "AttributeValue": "Indemnity",
        "DisplayValue": "Indemnity"
    }, {
        "AttributeId": "productTypes",
        "AttributeName": "Product Type",
        "AttributeValue": "Catastrophic",
        "DisplayValue": "Catastrophic"
    }]
}, {
    "Market Segment": [{
        "AttributeId": "marketSegments",
        "AttributeName": "Market Segment",
        "AttributeValue": "Individual Under 65",
        "DisplayValue": "Individual Under 65"
    }, {
        "AttributeId": "marketSegments",
        "AttributeName": "Market Segment",
        "AttributeValue": "Individual Over 65",
        "DisplayValue": "Individual Over 65"
    }, {
        "AttributeId": "marketSegments",
        "AttributeName": "Market Segment",
        "AttributeValue": "Small Group",
        "DisplayValue": "Small Group"
    }, {
        "AttributeId": "marketSegments",
        "AttributeName": "Market Segment",
        "AttributeValue": "Mid Group",
        "DisplayValue": "Mid Group"
    }, {
        "AttributeId": "marketSegments",
        "AttributeName": "Market Segment",
        "AttributeValue": "Large Group",
        "DisplayValue": "Large Group"
    }, {
        "AttributeId": "marketSegments",
        "AttributeName": "Market Segment",
        "AttributeValue": "National Account",
        "DisplayValue": "National Account"
    }, {
        "AttributeId": "marketSegments",
        "AttributeName": "Market Segment",
        "AttributeValue": "Student",
        "DisplayValue": "Student"
    }]
}, {
    "Service Category": [{
        "AttributeId": "category",
        "AttributeName": "Service Category",
        "AttributeValue": "Inpatient",
        "DisplayValue": "Inpatient"
    }, {
        "AttributeId": "category",
        "AttributeName": "Service Category",
        "AttributeValue": "Outpatient",
        "DisplayValue": "Outpatient"
    }, {
        "AttributeId": "category",
        "AttributeName": "Service Category",
        "AttributeValue": "Ancillary Services",
        "DisplayValue": "Ancillary Services"
    }, {
        "AttributeId": "category",
        "AttributeName": "Service Category",
        "AttributeValue": "Transport",
        "DisplayValue": "Transport"
    }]
}, {
    "Service Sub Category": [{
        "AttributeId": "subCategory",
        "AttributeName": "Service Sub Category",
        "AttributeValue": "Air",
        "DisplayValue": "Air"
    }, {
        "AttributeId": "subCategory",
        "AttributeName": "Service Sub Category",
        "AttributeValue": "Ground",
        "DisplayValue": "Ground"
    }, {
        "AttributeId": "subCategory",
        "AttributeName": "Service Sub Category",
        "AttributeValue": "Hospital",
        "DisplayValue": "Hospital"
    }, {
        "AttributeId": "subCategory",
        "AttributeName": "Service Sub Category",
        "AttributeValue": "NA",
        "DisplayValue": "NA"
    }, {
        "AttributeId": "subCategory",
        "AttributeName": "Service Sub Category",
        "AttributeValue": "Other Facility",
        "DisplayValue": "Other Facility"
    }, {
        "AttributeId": "subCategory",
        "AttributeName": "Service Sub Category",
        "AttributeValue": "Physician Office",
        "DisplayValue": "Physician Office"
    }, {
        "AttributeId": "subCategory",
        "AttributeName": "Service Sub Category",
        "AttributeValue": "Rehab Facility",
        "DisplayValue": "Rehab Facility"
    }, {
        "AttributeId": "subCategory",
        "AttributeName": "Service Sub Category",
        "AttributeValue": "Urgent Care Center",
        "DisplayValue": "Urgent Care Center"
    }]
}, {
    "Service Level": [{
        "AttributeId": "level",
        "AttributeName": "Service Level",
        "AttributeValue": "Alternative Medicine",
        "DisplayValue": "Alternative Medicine"
    }, {
        "AttributeId": "level",
        "AttributeName": "Service Level",
        "AttributeValue": "Diagnostic",
        "DisplayValue": "Diagnostic"
    }, {
        "AttributeId": "level",
        "AttributeName": "Service Level",
        "AttributeValue": "DME",
        "DisplayValue": "DME"
    }, {
        "AttributeId": "level",
        "AttributeName": "Service Level",
        "AttributeValue": "Emergency Services",
        "DisplayValue": "Emergency Services"
    }, {
        "AttributeId": "level",
        "AttributeName": "Service Level",
        "AttributeValue": "Maternity Services",
        "DisplayValue": "Maternity Services"
    }, {
        "AttributeId": "level",
        "AttributeName": "Service Level",
        "AttributeValue": "NA",
        "DisplayValue": "NA"
    }, {
        "AttributeId": "level",
        "AttributeName": "Service Level",
        "AttributeValue": "Preventive",
        "DisplayValue": "Preventive"
    }, {
        "AttributeId": "level",
        "AttributeName": "Service Level",
        "AttributeValue": "Wellness",
        "DisplayValue": "Wellness"
    }]
}, {
    "Effective Start Date": [{
        "AttributeId": "effectiveStartDate",
        "AttributeName": "Effective Start Date",
        "AttributeValue": "Last 6 months",
        "DisplayValue": "Last 6 months"
    }, {
        "AttributeId": "effectiveStartDate",
        "AttributeName": "Effective Start Date",
        "AttributeValue": "Next 6 months",
        "DisplayValue": "Next 6 months"
    }, {
        "AttributeId": "effectiveStartDate",
        "AttributeName": "Effective Start Date",
        "AttributeValue": "Last 12 months",
        "DisplayValue": "Last 12 months"
    }, {
        "AttributeId": "effectiveStartDate",
        "AttributeName": "Effective Start Date",
        "AttributeValue": "Next 12 months",
        "DisplayValue": "Next 12 months"
    }]
}, {
    "Effective End Date": [{
        "AttributeId": "effectiveEndDate",
        "AttributeName": "Effective End Date",
        "AttributeValue": "Last 6 months",
        "DisplayValue": "Last 6 months"
    }, {
        "AttributeId": "effectiveEndDate",
        "AttributeName": "Effective End Date",
        "AttributeValue": "Next 6 months",
        "DisplayValue": "Next 6 months"
    }, {
        "AttributeId": "effectiveEndDate",
        "AttributeName": "Effective End Date",
        "AttributeValue": "Last 12 months",
        "DisplayValue": "Last 12 months"
    }, {
        "AttributeId": "effectiveEndDate",
        "AttributeName": "Effective End Date",
        "AttributeValue": "Next 12 months",
        "DisplayValue": "Next 12 months"
    }]
}]