[{
    "Product Filters": [{
        "Product": [{
            "AttributeId": "productClasses",
            "AttributeName": "Product",
            "AttributeValue": "Medical",
            "DisplayValue": "Medical"
        }, {
            "AttributeId": "productClasses",
            "AttributeName": "Product",
            "AttributeValue": "Dental",
            "DisplayValue": "Dental"
        }, {
            "AttributeId": "productClasses",
            "AttributeName": "Product",
            "AttributeValue": "Vision",
            "DisplayValue": "Vision"
        }, {
            "AttributeId": "productClasses",
            "AttributeName": "Product",
            "AttributeValue": "Pharmacy",
            "DisplayValue": "Pharmacy"
        }]
    }, {
        "Product Type": [{
            "AttributeId": "productTypes",
            "AttributeName": "Product Type",
            "AttributeValue": "HMO",
            "DisplayValue": "HMO"
        }, {
            "AttributeId": "productTypes",
            "AttributeName": "Product Type",
            "AttributeValue": "PPO",
            "DisplayValue": "PPO"
        }, {
            "AttributeId": "productTypes",
            "AttributeName": "Product Type",
            "AttributeValue": "POS",
            "DisplayValue": "POS"
        }, {
            "AttributeId": "productTypes",
            "AttributeName": "Product Type",
            "AttributeValue": "EPO",
            "DisplayValue": "EPO"
        }, {
            "AttributeId": "productTypes",
            "AttributeName": "Product Type",
            "AttributeValue": "Indemnity",
            "DisplayValue": "Indemnity"
        }, {
            "AttributeId": "productTypes",
            "AttributeName": "Product Type",
            "AttributeValue": "Catastrophic",
            "DisplayValue": "Catastrophic"
        }]
    }, {
        "Plan Status": [{
            "AttributeId": "planStatus",
            "AttributeName": "Status",
            "AttributeValue": "Draft",
            "DisplayValue": "Draft"
        }, {
            "AttributeId": "planStatus",
            "AttributeName": "Status",
            "AttributeValue": "Validation Failed",
            "DisplayValue": "Validation Failed"
        }, {
            "AttributeId": "planStatus",
            "AttributeName": "Status",
            "AttributeValue": "Override In Progress",
            "DisplayValue": "Override In Progress"
        }, {
            "AttributeId": "planStatus",
            "AttributeName": "Status",
            "AttributeValue": "Override Rejected",
            "DisplayValue": "Override Rejected"
        }, {
            "AttributeId": "planStatus",
            "AttributeName": "Status",
            "AttributeValue": "Override Approved",
            "DisplayValue": "Override Approved"
        }, {
            "AttributeId": "planStatus",
            "AttributeName": "Status",
            "AttributeValue": "Approved",
            "DisplayValue": "Approved"
        }, {
            "AttributeId": "planStatus",
            "AttributeName": "Status",
            "AttributeValue": "Deprecated",
            "DisplayValue": "Deprecated"
        }]
    }, {
        "Plan Family": [{
            "AttributeId": "productFamilies",
            "AttributeName": "plan Family",
            "AttributeValue": "HMO Local",
            "DisplayValue": "HMO Local"
        }, {
            "AttributeId": "productFamilies",
            "AttributeName": "plan Family",
            "AttributeValue": "HMO NE",
            "DisplayValue": "HMO NE"
        }, {
            "AttributeId": "productFamilies",
            "AttributeName": "plan Family",
            "AttributeValue": "PPO Local",
            "DisplayValue": "PPO Local"
        }, {
            "AttributeId": "productFamilies",
            "AttributeName": "plan Family",
            "AttributeValue": "PPO NE",
            "DisplayValue": "PPO NE"
        }]
    }, {
        "Plan Type": [{
            "AttributeId": "planType",
            "AttributeName": "Plan Type",
            "AttributeValue": "Standard",
            "DisplayValue": "Standard"
        }, {
            "AttributeId": "planType",
            "AttributeName": "Plan Type",
            "AttributeValue": "Custom",
            "DisplayValue": "Custom"
        }]
    }, {
        "Grandfathered": [{
            "AttributeId": "grandfatheredPlan",
            "AttributeName": "Grandfathered",
            "AttributeValue": true,
            "DisplayValue": "Yes"
        }, {
            "AttributeId": "grandfatheredPlan",
            "AttributeName": "Grandfathered",
            "AttributeValue": false,
            "DisplayValue": "No"
        }]
    }, {
        "Plan Regulatory Approval": [{
            "AttributeId": "productRegulatoryApproval",
            "AttributeName": "Plan Regulatory Approval",
            "AttributeValue": "Approved",
            "DisplayValue": "Approved"
        }, {
            "AttributeId": "productRegulatoryApproval",
            "AttributeName": "Plan Regulatory Approval",
            "AttributeValue": "Pending",
            "DisplayValue": "Pending"
        }, {
            "AttributeId": "productRegulatoryApproval",
            "AttributeName": "Plan Regulatory Approval",
            "AttributeValue": "Denied",
            "DisplayValue": "Denied"
        }]
    }, {
        "HIX Metal Level": [{
            "AttributeId": "hixMetalLevel",
            "AttributeName": "HIX Metal Level",
            "AttributeValue": "Bronze",
            "DisplayValue": "Bronze"
        }, {
            "AttributeId": "hixMetalLevel",
            "AttributeName": "HIX Metal Level",
            "AttributeValue": "Silver",
            "DisplayValue": "Silver"
        }, {
            "AttributeId": "hixMetalLevel",
            "AttributeName": "HIX Metal Level",
            "AttributeValue": "Gold",
            "DisplayValue": "Gold"
        }, {
            "AttributeId": "hixMetalLevel",
            "AttributeName": "HIX Metal Level",
            "AttributeValue": "Platinum",
            "DisplayValue": "Platinum"
        }]
    }, {
        "Effective Date": [{
            "AttributeId": "effectiveDate",
            "AttributeName": "Effective Date",
            "AttributeValue": "Last 6 months",
            "DisplayValue": "Last 6 months"
        }, {
            "AttributeId": "effectiveDate",
            "AttributeName": "Effective Date",
            "AttributeValue": "Next 6 months",
            "DisplayValue": "Next 6 months"
        }, {
            "AttributeId": "effectiveDate",
            "AttributeName": "Effective Date",
            "AttributeValue": "Last 12 months",
            "DisplayValue": "Last 12 months"
        }, {
            "AttributeId": "effectiveDate",
            "AttributeName": "Effective Date",
            "AttributeValue": "Next 12 months",
            "DisplayValue": "Next 12 months"
        }]
    }, {
        "Funding Arrangement": [{
            "AttributeId": "fundingArrangements",
            "AttributeName": "Funding Arrangement",
            "AttributeValue": "Fully Insured",
            "DisplayValue": "Fully Insured"
        }, {
            "AttributeId": "fundingArrangements",
            "AttributeName": "Funding Arrangement",
            "AttributeValue": "ASO",
            "DisplayValue": "ASO"
        }]
    }, {
        "Market Segment": [{
            "AttributeId": "marketSegments",
            "AttributeName": "Market Segment",
            "AttributeValue": "Individual Under 65",
            "DisplayValue": "Individual Under 65"
        }, {
            "AttributeId": "marketSegments",
            "AttributeName": "Market Segment",
            "AttributeValue": "Individual Over 65",
            "DisplayValue": "Individual Over 65"
        }, {
            "AttributeId": "marketSegments",
            "AttributeName": "Market Segment",
            "AttributeValue": "Small Group",
            "DisplayValue": "Small Group"
        }, {
            "AttributeId": "marketSegments",
            "AttributeName": "Market Segment",
            "AttributeValue": "Mid Group",
            "DisplayValue": "Mid Group"
        }, {
            "AttributeId": "marketSegments",
            "AttributeName": "Market Segment",
            "AttributeValue": "Large Group",
            "DisplayValue": "Large Group"
        }, {
            "AttributeId": "marketSegments",
            "AttributeName": "Market Segment",
            "AttributeValue": "National Account",
            "DisplayValue": "National Account"
        }, {
            "AttributeId": "marketSegments",
            "AttributeName": "Market Segment",
            "AttributeValue": "Student",
            "DisplayValue": "Student"
        }]
    }]
}, {
    "Plan Filters": [{
        "Plan Year": [{
            "AttributeId": "planYear",
            "AttributeName": "Plan Year",
            "AttributeValue": "Current Year + 1",
            "DisplayValue": "Current Year + 1"
        }, {
            "AttributeId": "planYear",
            "AttributeName": "Plan Year",
            "AttributeValue": "Current Year",
            "DisplayValue": "Current Year"
        }, {
            "AttributeId": "planYear",
            "AttributeName": "Plan Year",
            "AttributeValue": "Current Year - 1",
            "DisplayValue": "Current Year - 1"
        }]
    }, {
        "Renewal Date": [{
            "AttributeId": "renewalDate",
            "AttributeName": "Renewal Date",
            "AttributeValue": "Last 15 Days ??",
            "DisplayValue": "Last 15 Days ??"
        }, {
            "AttributeId": "renewalDate",
            "AttributeName": "Renewal Date",
            "AttributeValue": "Last 30 Days ??",
            "DisplayValue": "Last 30 Days ??"
        }, {
            "AttributeId": "renewalDate",
            "AttributeName": "Renewal Date",
            "AttributeValue": "Last 60 Days ??",
            "DisplayValue": "Last 60 Days ??"
        }]
    }, {
        "Number of Tiers": [{
            "AttributeId": "numProviderTiers",
            "AttributeName": "Number of Tiers",
            "AttributeValue": "1",
            "DisplayValue": "One"
        }, {
            "AttributeId": "numProviderTiers",
            "AttributeName": "Number of Tiers",
            "AttributeValue": "2",
            "DisplayValue": "Two"
        }, {
            "AttributeId": "numProviderTiers",
            "AttributeName": "Number of Tiers",
            "AttributeValue": "3",
            "DisplayValue": "Three"
        }, {
            "AttributeId": "numProviderTiers",
            "AttributeName": "Number of Tiers",
            "AttributeValue": "4",
            "DisplayValue": "Four"
        }]
    }]
}, {
    "User Information Filters": [{
        "Modified By": [{
            "AttributeId": "lastModifiedBy",
            "AttributeName": "Modified By",
            "AttributeValue": "Me",
            "DisplayValue": "Me"
        }]
    }, {
        "Created By": [{
            "AttributeId": "createdBy",
            "AttributeName": "Created By",
            "AttributeValue": "Me",
            "DisplayValue": "Me"
        }]
    }, {
        "Modified Within": [{
            "AttributeId": "lastModificationDate",
            "AttributeName": "Modified Within",
            "AttributeValue": "Last 15 Days",
            "DisplayValue": "Last 15 Days"
        }, {
            "AttributeId": "lastModificationDate",
            "AttributeName": "Modified Within",
            "AttributeValue": "Last 30 Days",
            "DisplayValue": "Last 30 Days"
        }, {
            "AttributeId": "lastModificationDate",
            "AttributeName": "Modified Within",
            "AttributeValue": "Last 60 Days",
            "DisplayValue": "Last 60 Days"
        }]
    }, {
        "Account Name(No.)": [{
            "AttributeId": "accountNameOrNumber",
            "AttributeName": "Account Name(No.)",
            "AttributeValue": "Beoing(abc123) ??",
            "DisplayValue": "Beoing(abc123) ??"
        }, {
            "AttributeId": "accountNameOrNumber",
            "AttributeName": "Account Name(No.)",
            "AttributeValue": "ACME(xyz123) ??",
            "DisplayValue": "ACME(xyz123) ??"
        }, {
            "AttributeId": "accountNameOrNumber",
            "AttributeName": "Account Name(No.)",
            "AttributeValue": "Dynamic(uvw123) ??",
            "DisplayValue": "Dynamic(uvw123) ??"
        }]
    }]
}]
