[{
    "Product": [{
        "AttributeId": "productClass",
        "AttributeName": "Product",
        "AttributeValue": "Medical",
        "DisplayValue": "Medical"
    }, {
        "AttributeId": "productClass",
        "AttributeName": "Product",
        "AttributeValue": "Dental",
        "DisplayValue": "Dental"
    }, {
        "AttributeId": "productClass",
        "AttributeName": "Product",
        "AttributeValue": "Vision",
        "DisplayValue": "Vision"
    }, {
        "AttributeId": "productClass",
        "AttributeName": "Product",
        "AttributeValue": "Pharmacy",
        "DisplayValue": "Pharmacy"
    }]
},{
    "Service Category": [{
        "AttributeId": "serviceCategory",
        "AttributeName": "Service Category",
        "AttributeValue": "Inpatient",
        "DisplayValue": "Inpatient"
    }, {
        "AttributeId": "serviceCategory",
        "AttributeName": "Service Category",
        "AttributeValue": "Outpatient",
        "DisplayValue": "Outpatient"
    }, {
        "AttributeId": "serviceCategory",
        "AttributeName": "Service Category",
        "AttributeValue": "Ancillary Services",
        "DisplayValue": "Ancillary Services"
    }, {
        "AttributeId": "serviceCategory",
        "AttributeName": "Service Category",
        "AttributeValue": "Transport",
        "DisplayValue": "Transport"
    }]
}, {
    "Service Sub Category": [{
        "AttributeId": "serviceSubCategory",
        "AttributeName": "Service Sub Category",
        "AttributeValue": "Air",
        "DisplayValue": "Air"
    }, {
        "AttributeId": "serviceSubCategory",
        "AttributeName": "Service Sub Category",
        "AttributeValue": "Ground",
        "DisplayValue": "Ground"
    }, {
        "AttributeId": "serviceSubCategory",
        "AttributeName": "Service Sub Category",
        "AttributeValue": "Hospital",
        "DisplayValue": "Hospital"
    }, {
        "AttributeId": "serviceSubCategory",
        "AttributeName": "Service Sub Category",
        "AttributeValue": "NA",
        "DisplayValue": "NA"
    }, {
        "AttributeId": "serviceSubCategory",
        "AttributeName": "Service Sub Category",
        "AttributeValue": "Other Facility",
        "DisplayValue": "Other Facility"
    }, {
        "AttributeId": "serviceSubCategory",
        "AttributeName": "Service Sub Category",
        "AttributeValue": "Physician Office",
        "DisplayValue": "Physician Office"
    }, {
        "AttributeId": "serviceSubCategory",
        "AttributeName": "Service Sub Category",
        "AttributeValue": "Rehab Facility",
        "DisplayValue": "Rehab Facility"
    }, {
        "AttributeId": "serviceSubCategory",
        "AttributeName": "Service Sub Category",
        "AttributeValue": "Urgent Care Center",
        "DisplayValue": "Urgent Care Center"
    }]
}, {
    "Service Level": [{
        "AttributeId": "serviceLevel",
        "AttributeName": "Service Level",
        "AttributeValue": "Alternative Medicine",
        "DisplayValue": "Alternative Medicine"
    }, {
        "AttributeId": "serviceLevel",
        "AttributeName": "Service Level",
        "AttributeValue": "Diagnostic",
        "DisplayValue": "Diagnostic"
    }, {
        "AttributeId": "serviceLevel",
        "AttributeName": "Service Level",
        "AttributeValue": "DME",
        "DisplayValue": "DME"
    }, {
        "AttributeId": "serviceLevel",
        "AttributeName": "Service Level",
        "AttributeValue": "Emergency Services",
        "DisplayValue": "Emergency Services"
    }, {
        "AttributeId": "serviceLevel",
        "AttributeName": "Service Level",
        "AttributeValue": "Maternity Services",
        "DisplayValue": "Maternity Services"
    }, {
        "AttributeId": "serviceLevel",
        "AttributeName": "Service Level",
        "AttributeValue": "NA",
        "DisplayValue": "NA"
    }, {
        "AttributeId": "serviceLevel",
        "AttributeName": "Service Level",
        "AttributeValue": "Preventive",
        "DisplayValue": "Preventive"
    }, {
        "AttributeId": "serviceLevel",
        "AttributeName": "Service Level",
        "AttributeValue": "Wellness",
        "DisplayValue": "Wellness"
    }]
}, {
    "Copay": [{
        "AttributeId": "copay",
        "AttributeName": "Copay",
        "AttributeValue": "1-100",
        "DisplayValue": "1-100"
    }, {
        "AttributeId": "copay",
        "AttributeName": "Copay",
        "AttributeValue": "101-300",
        "DisplayValue": "101-300"
    }, {
        "AttributeId": "copay",
        "AttributeName": "Copay",
        "AttributeValue": "301-500",
        "DisplayValue": "301-500"
    }, {
        "AttributeId": "copay",
        "AttributeName": "Copay",
        "AttributeValue": "501-1000",
        "DisplayValue": "501-1000"
    }]
}, {
    "Deductible": [{
        "AttributeId": "deductibleIndividual",
        "AttributeName": "Deductible (Individual)",
        "AttributeValue": "1-100",
        "DisplayValue": "1-100"
    }, {
        "AttributeId": "deductibleIndividual",
        "AttributeName": "Deductible (Individual)",
        "AttributeValue": "101-300",
        "DisplayValue": "101-300"
    }, {
        "AttributeId": "deductibleIndividual",
        "AttributeName": "Deductible (Individual)",
        "AttributeValue": "301-500",
        "DisplayValue": "301-500"
    }, {
        "AttributeId": "deductibleIndividual",
        "AttributeName": "Deductible (Individual)",
        "AttributeValue": "501-1000",
        "DisplayValue": "501-1000"
    }]
}, {
    "Co-insurance": [{
        "AttributeId": "coInsurance",
        "AttributeName": "Co-insurance",
        "AttributeValue": "1%-20%",
        "DisplayValue": "1%-20%"
    }, {
        "AttributeId": "coInsurance",
        "AttributeName": "Co-insurance",
        "AttributeValue": "21%-40%",
        "DisplayValue": "21%-40%"
    }, {
        "AttributeId": "coInsurance",
        "AttributeName": "Co-insurance",
        "AttributeValue": "41%-60%",
        "DisplayValue": "41%-60%"
    }, {
        "AttributeId": "coInsurance",
        "AttributeName": "Co-insurance",
        "AttributeValue": "61%-100%",
        "DisplayValue": "61%-100%"
    }]
}]