{
   "isDeductibleAmountsCombinedOrSeparate": "Combined",
   "applicableCoverageTiers": [
      "Individual",
      "Individual + 1 (Spouse)",
      "Individual + Dependents",
      "Family"
   ],
   "createdBy": "mjoseph@upmc.com",
   "creationDate": "2015-10-30T00:09:21",
   "distributionChannels": [
      "Public Exchange"
   ],
   "effectiveDate": "2015-11-01T04:00:00",
   "endDate": "2016-02-26T05:00:00",
   "fundingArrangements": [
      "Fully Insured",
      "ASO"
   ],
   "isIncludeSecondaryMoop": true,
   "globalcostshares": [{
      "costShareLevel": "Primary",
      "costShareType": "Copay",
      "createdBy": "mjoseph@upmc.com",
      "creationDate": "2015-10-30T00:09:21",
      "default": 80,
      "format": "$",
      "from": 0,
      "lastModificationDate": "2015-10-30T00:09:21",
      "lastModifiedBy": "mjoseph@upmc.com",
      "max": 2400,
      "min": 100,
      "name": "e1731bfd-f810-4942-ac17-6644cc9519af-Copay-NA-Primary",
      "objectId": "a1bf5b1c-fef3-41cf-a4ad-14e81cd75267",
      "objectType": "membercostshare",
      "parentId": "e1731bfd-f810-4942-ac17-6644cc9519af",
      "providerTier": "NA",
      "quantityBasis": "Per Year",
      "rangeSurroundingTexts": [
         "example here"
      ],
      "rangeTexts": [
         "test range"
      ],
      "rangeValues": [
         35,
         55
      ],
      "scale": 300,
      "selectedValue": 70,
      "step": 50,
      "to": 3000,
      "versionLabel": "1.0"
   }, {
      "costShareLevel": "Primary",
      "costShareType": "Co-insurance",
      "createdBy": "mjoseph@upmc.com",
      "creationDate": "2015-10-30T00:09:21",
      "default": 20,
      "format": "%",
      "from": 0,
      "lastModificationDate": "2015-10-30T00:09:21",
      "lastModifiedBy": "mjoseph@upmc.com",
      "max": 80,
      "min": 10,
      "name": "e1731bfd-f810-4942-ac17-6644cc9519af-Co-insurance-NA-Primary",
      "objectId": "5c8626e4-097a-4710-a19e-03c1f5f0a3b9",
      "objectType": "membercostshare",
      "parentId": "e1731bfd-f810-4942-ac17-6644cc9519af",
      "providerTier": "NA",
      "quantityBasis": "Per Year",
      "rangeSurroundingTexts": [
         "example here"
      ],
      "rangeTexts": [
         "test range"
      ],
      "rangeValues": [
         35,
         55
      ],
      "scale": 10,
      "selectedValue": 20,
      "step": 5,
      "to": 100,
      "versionLabel": "1.0"
   }, {
      "costShareLevel": "Primary",
      "costShareType": "Medical Individual Deductible",
      "createdBy": "mjoseph@upmc.com",
      "creationDate": "2015-10-30T00:09:21",
      "default": 80,
      "format": "$",
      "from": 0,
      "lastModificationDate": "2015-10-30T00:09:21",
      "lastModifiedBy": "mjoseph@upmc.com",
      "max": 80,
      "min": 10,
      "name": "e1731bfd-f810-4942-ac17-6644cc9519af-Individual Deductible-NA-Primary",
      "objectId": "0b5d1e65-749b-4a1a-a471-af3ece62c58e",
      "objectType": "membercostshare",
      "parentId": "e1731bfd-f810-4942-ac17-6644cc9519af",
      "providerTier": "NA",
      "quantityBasis": "Per Year",
      "rangeSurroundingTexts": [
         "example here"
      ],
      "rangeTexts": [
         "test range"
      ],
      "rangeValues": [
         35,
         55
      ],
      "scale": 10,
      "selectedValue": 70,
      "step": 5,
      "to": 100,
      "versionLabel": "1.0"
   }, {
      "costShareLevel": "Primary",
      "costShareType": "Medical Individual Secondary Max. Out of Pocket",
      "createdBy": "mjoseph@upmc.com",
      "creationDate": "2015-10-30T00:09:21",
      "default": 80,
      "format": "$",
      "from": 0,
      "lastModificationDate": "2015-10-30T00:09:21",
      "lastModifiedBy": "mjoseph@upmc.com",
      "max": 80,
      "min": 10,
      "name": "e1731bfd-f810-4942-ac17-6644cc9519af-Individual Deductible-NA-Primary",
      "objectId": "0b5d1e65-749b-4a1a-a471-af3ece62c58e",
      "objectType": "membercostshare",
      "parentId": "e1731bfd-f810-4942-ac17-6644cc9519af",
      "providerTier": "NA",
      "quantityBasis": "Per Year",
      "rangeSurroundingTexts": [
         "example here"
      ],
      "rangeTexts": [
         "test range"
      ],
      "rangeValues": [
         35,
         55
      ],
      "scale": 10,
      "selectedValue": 70,
      "step": 5,
      "to": 100,
      "versionLabel": "1.0"
   }, {
      "costShareLevel": "Primary",
      "costShareType": "Medical Individual Max. Out of Pocket",
      "createdBy": "mjoseph@upmc.com",
      "creationDate": "2015-10-30T00:09:21",
      "default": 80,
      "format": "$",
      "from": 0,
      "lastModificationDate": "2015-10-30T00:09:21",
      "lastModifiedBy": "mjoseph@upmc.com",
      "max": 2400,
      "min": 100,
      "name": "e1731bfd-f810-4942-ac17-6644cc9519af-Family Deductible-NA-Primary",
      "objectId": "f1bb260d-452c-4aa3-88d7-66fd50c46874",
      "objectType": "membercostshare",
      "parentId": "e1731bfd-f810-4942-ac17-6644cc9519af",
      "providerTier": "NA",
      "quantityBasis": "Per Year",
      "rangeSurroundingTexts": [
         "example here"
      ],
      "rangeTexts": [
         "test range"
      ],
      "rangeValues": [
         35,
         55
      ],
      "scale": 300,
      "selectedValue": 70,
      "step": 50,
      "to": 3000,
      "versionLabel": "1.0"
   }, {
      "costShareLevel": "Primary",
      "costShareType": "Pharmacy Family Deductible",
      "createdBy": "mjoseph@upmc.com",
      "creationDate": "2015-10-30T00:09:21",
      "default": 80,
      "format": "$",
      "from": 0,
      "lastModificationDate": "2015-10-30T00:09:21",
      "lastModifiedBy": "mjoseph@upmc.com",
      "max": 2400,
      "min": 100,
      "name": "e1731bfd-f810-4942-ac17-6644cc9519af-Family Deductible-NA-Primary",
      "objectId": "f1bb260d-452c-4aa3-88d7-66fd50c46874",
      "objectType": "membercostshare",
      "parentId": "e1731bfd-f810-4942-ac17-6644cc9519af",
      "providerTier": "NA",
      "quantityBasis": "Per Year",
      "rangeSurroundingTexts": [
         "example here"
      ],
      "rangeTexts": [
         "test range"
      ],
      "rangeValues": [
         35,
         55
      ],
      "scale": 300,
      "selectedValue": 70,
      "step": 50,
      "to": 3000,
      "versionLabel": "1.0"
   }, {
      "costShareLevel": "Primary",
      "costShareType": "Medical Individual Secondary Max. Out of Pocket",
      "createdBy": "mjoseph@upmc.com",
      "creationDate": "2015-10-30T00:09:21",
      "default": 80,
      "format": "$",
      "from": 0,
      "lastModificationDate": "2015-10-30T00:09:21",
      "lastModifiedBy": "mjoseph@upmc.com",
      "max": 2400,
      "min": 100,
      "name": "e1731bfd-f810-4942-ac17-6644cc9519af-Individual MOOP-NA-Primary",
      "objectId": "773e6f2b-1361-457e-80c5-c302c4b8c151",
      "objectType": "membercostshare",
      "parentId": "e1731bfd-f810-4942-ac17-6644cc9519af",
      "providerTier": "NA",
      "quantityBasis": "Per Year",
      "rangeSurroundingTexts": [
         "example here"
      ],
      "rangeTexts": [
         "test range"
      ],
      "rangeValues": [
         35,
         55
      ],
      "scale": 300,
      "selectedValue": 70,
      "step": 50,
      "to": 3000,
      "versionLabel": "1.0"
   }, {
      "costShareLevel": "Primary",
      "costShareType": "Medical Family Secondary Max. Out of Pocket",
      "createdBy": "mjoseph@upmc.com",
      "creationDate": "2015-10-30T00:09:21",
      "default": 80,
      "format": "$",
      "from": 0,
      "lastModificationDate": "2015-10-30T00:09:21",
      "lastModifiedBy": "mjoseph@upmc.com",
      "max": 2400,
      "min": 100,
      "name": "e1731bfd-f810-4942-ac17-6644cc9519af-Individual MOOP-NA-Primary",
      "objectId": "773e6f2b-1361-457e-80c5-c302c4b8c151",
      "objectType": "membercostshare",
      "parentId": "e1731bfd-f810-4942-ac17-6644cc9519af",
      "providerTier": "NA",
      "quantityBasis": "Per Year",
      "rangeSurroundingTexts": [
         "example here"
      ],
      "rangeTexts": [
         "test range"
      ],
      "rangeValues": [
         35,
         55
      ],
      "scale": 300,
      "selectedValue": 70,
      "step": 50,
      "to": 3000,
      "versionLabel": "1.0"
   }, {
      "costShareLevel": "Primary",
      "costShareType": "Medical Family Max. Out of Pocket",
      "createdBy": "mjoseph@upmc.com",
      "creationDate": "2015-10-30T00:09:22",
      "default": 80,
      "format": "$",
      "from": 0,
      "lastModificationDate": "2015-10-30T00:09:22",
      "lastModifiedBy": "mjoseph@upmc.com",
      "max": 2400,
      "min": 100,
      "name": "e1731bfd-f810-4942-ac17-6644cc9519af-Family MOOP-NA-Primary",
      "objectId": "0579fea5-db27-4494-b49e-7da63f9eba53",
      "objectType": "membercostshare",
      "parentId": "e1731bfd-f810-4942-ac17-6644cc9519af",
      "providerTier": "NA",
      "quantityBasis": "Per Year",
      "rangeSurroundingTexts": [
         "example here"
      ],
      "rangeTexts": [
         "test range"
      ],
      "rangeValues": [
         35,
         55
      ],
      "scale": 300,
      "selectedValue": 70,
      "step": 50,
      "to": 3000,
      "versionLabel": "1.0"
   }, {
      "costShareLevel": "Primary",
      "costShareType": "Medical Family Secondary Max. Out of Pocket",
      "createdBy": "mjoseph@upmc.com",
      "creationDate": "2015-10-30T00:09:22",
      "default": 80,
      "format": "$",
      "from": 0,
      "lastModificationDate": "2015-10-30T00:09:22",
      "lastModifiedBy": "mjoseph@upmc.com",
      "max": 2400,
      "min": 100,
      "name": "e1731bfd-f810-4942-ac17-6644cc9519af-Family MOOP-NA-Primary",
      "objectId": "0579fea5-db27-4494-b49e-7da63f9eba53",
      "objectType": "membercostshare",
      "parentId": "e1731bfd-f810-4942-ac17-6644cc9519af",
      "providerTier": "NA",
      "quantityBasis": "Per Year",
      "rangeSurroundingTexts": [
         "example here"
      ],
      "rangeTexts": [
         "test range"
      ],
      "rangeValues": [
         35,
         55
      ],
      "scale": 300,
      "selectedValue": 70,
      "step": 50,
      "to": 3000,
      "versionLabel": "1.0"
   }, {
      "costShareLevel": "Primary",
      "costShareType": "Pharmacy Family Max. Out of Pocket",
      "createdBy": "mjoseph@upmc.com",
      "creationDate": "2015-10-30T00:09:22",
      "default": 80,
      "format": "$",
      "from": 0,
      "lastModificationDate": "2015-10-30T00:09:22",
      "lastModifiedBy": "mjoseph@upmc.com",
      "max": 2400,
      "min": 100,
      "name": "e1731bfd-f810-4942-ac17-6644cc9519af-Family MOOP-NA-Primary",
      "objectId": "0579fea5-db27-4494-b49e-7da63f9eba53",
      "objectType": "membercostshare",
      "parentId": "e1731bfd-f810-4942-ac17-6644cc9519af",
      "providerTier": "NA",
      "quantityBasis": "Per Year",
      "rangeSurroundingTexts": [
         "example here"
      ],
      "rangeTexts": [
         "test range"
      ],
      "rangeValues": [
         35,
         55
      ],
      "scale": 300,
      "selectedValue": 70,
      "step": 50,
      "to": 3000,
      "versionLabel": "1.0"
   }, {
      "costShareLevel": "Primary",
      "costShareType": "Pharmacy Family Secondary Max. Out of Pocket",
      "createdBy": "mjoseph@upmc.com",
      "creationDate": "2015-10-30T00:09:22",
      "default": 80,
      "format": "$",
      "from": 0,
      "lastModificationDate": "2015-10-30T00:09:22",
      "lastModifiedBy": "mjoseph@upmc.com",
      "max": 2400,
      "min": 100,
      "name": "e1731bfd-f810-4942-ac17-6644cc9519af-Family MOOP-NA-Primary",
      "objectId": "0579fea5-db27-4494-b49e-7da63f9eba53",
      "objectType": "membercostshare",
      "parentId": "e1731bfd-f810-4942-ac17-6644cc9519af",
      "providerTier": "NA",
      "quantityBasis": "Per Year",
      "rangeSurroundingTexts": [
         "example here"
      ],
      "rangeTexts": [
         "test range"
      ],
      "rangeValues": [
         35,
         55
      ],
      "scale": 300,
      "selectedValue": 70,
      "step": 50,
      "to": 3000,
      "versionLabel": "1.0"
   }, {
      "costShareLevel": "Primary",
      "costShareType": "Medical Individual + 1 (Spouse) Max. Out of Pocket",
      "createdBy": "mjoseph@upmc.com",
      "creationDate": "2015-10-30T00:09:22",
      "default": 80,
      "format": "$",
      "from": 0,
      "lastModificationDate": "2015-10-30T00:09:22",
      "lastModifiedBy": "mjoseph@upmc.com",
      "max": 2400,
      "min": 100,
      "name": "e1731bfd-f810-4942-ac17-6644cc9519af-Individual + 1 (Spouse) MOOP-NA-Primary",
      "objectId": "4a66a3d9-e987-44e5-95d7-01b9e34681e1",
      "objectType": "membercostshare",
      "parentId": "e1731bfd-f810-4942-ac17-6644cc9519af",
      "providerTier": "NA",
      "quantityBasis": "Per Year",
      "rangeSurroundingTexts": [
         "example here"
      ],
      "rangeTexts": [
         "test range"
      ],
      "rangeValues": [
         35,
         55
      ],
      "scale": 300,
      "selectedValue": 70,
      "step": 50,
      "to": 3000,
      "versionLabel": "1.0"
   }, {
      "costShareLevel": "Primary",
      "costShareType": "Medical Individual + 1 (Spouse) Secondary Max. Out of Pocket",
      "createdBy": "mjoseph@upmc.com",
      "creationDate": "2015-10-30T00:09:22",
      "default": 80,
      "format": "$",
      "from": 0,
      "lastModificationDate": "2015-10-30T00:09:22",
      "lastModifiedBy": "mjoseph@upmc.com",
      "max": 2400,
      "min": 100,
      "name": "e1731bfd-f810-4942-ac17-6644cc9519af-Individual + 1 (Spouse) MOOP-NA-Primary",
      "objectId": "4a66a3d9-e987-44e5-95d7-01b9e34681e1",
      "objectType": "membercostshare",
      "parentId": "e1731bfd-f810-4942-ac17-6644cc9519af",
      "providerTier": "NA",
      "quantityBasis": "Per Year",
      "rangeSurroundingTexts": [
         "example here"
      ],
      "rangeTexts": [
         "test range"
      ],
      "rangeValues": [
         35,
         55
      ],
      "scale": 300,
      "selectedValue": 70,
      "step": 50,
      "to": 3000,
      "versionLabel": "1.0"
   }, {
      "costShareLevel": "Primary",
      "costShareType": "Medical Individual + 1 (Spouse) Deductible",
      "createdBy": "mjoseph@upmc.com",
      "creationDate": "2015-10-30T00:09:22",
      "default": 80,
      "format": "$",
      "from": 0,
      "lastModificationDate": "2015-10-30T00:09:22",
      "lastModifiedBy": "mjoseph@upmc.com",
      "max": 2400,
      "min": 100,
      "name": "e1731bfd-f810-4942-ac17-6644cc9519af-Individual + 1 (Spouse) Deductible-NA-Primary",
      "objectId": "a60bca88-b8ad-453d-b52a-1f6ac6c2811c",
      "objectType": "membercostshare",
      "parentId": "e1731bfd-f810-4942-ac17-6644cc9519af",
      "providerTier": "NA",
      "quantityBasis": "Per Year",
      "rangeSurroundingTexts": [
         "example here"
      ],
      "rangeTexts": [
         "test range"
      ],
      "rangeValues": [
         35,
         55
      ],
      "scale": 300,
      "selectedValue": 70,
      "step": 50,
      "to": 3000,
      "versionLabel": "1.0"
   }, {
      "costShareLevel": "Primary",
      "costShareType": "Medical Individual + Dependents Max. Out of Pocket",
      "createdBy": "mjoseph@upmc.com",
      "creationDate": "2015-10-30T00:09:22",
      "default": 80,
      "format": "$",
      "from": 0,
      "lastModificationDate": "2015-10-30T00:09:22",
      "lastModifiedBy": "mjoseph@upmc.com",
      "max": 2400,
      "min": 100,
      "name": "e1731bfd-f810-4942-ac17-6644cc9519af-Individual + Dependents MOOP-NA-Primary",
      "objectId": "9f17f5ac-ed01-4b9f-8be2-c906d63b7fa1",
      "objectType": "membercostshare",
      "parentId": "e1731bfd-f810-4942-ac17-6644cc9519af",
      "providerTier": "NA",
      "quantityBasis": "Per Year",
      "rangeSurroundingTexts": [
         "example here"
      ],
      "rangeTexts": [
         "test range"
      ],
      "rangeValues": [
         35,
         55
      ],
      "scale": 300,
      "selectedValue": 70,
      "step": 50,
      "to": 3000,
      "versionLabel": "1.0"
   }, {
      "costShareLevel": "Primary",
      "costShareType": "Medical Individual + Dependents Secondary Max. Out of Pocket",
      "createdBy": "mjoseph@upmc.com",
      "creationDate": "2015-10-30T00:09:22",
      "default": 80,
      "format": "$",
      "from": 0,
      "lastModificationDate": "2015-10-30T00:09:22",
      "lastModifiedBy": "mjoseph@upmc.com",
      "max": 2400,
      "min": 100,
      "name": "e1731bfd-f810-4942-ac17-6644cc9519af-Individual + Dependents MOOP-NA-Primary",
      "objectId": "9f17f5ac-ed01-4b9f-8be2-c906d63b7fa1",
      "objectType": "membercostshare",
      "parentId": "e1731bfd-f810-4942-ac17-6644cc9519af",
      "providerTier": "NA",
      "quantityBasis": "Per Year",
      "rangeSurroundingTexts": [
         "example here"
      ],
      "rangeTexts": [
         "test range"
      ],
      "rangeValues": [
         35,
         55
      ],
      "scale": 300,
      "selectedValue": 70,
      "step": 50,
      "to": 3000,
      "versionLabel": "1.0"
   }, {
      "costShareLevel": "Primary",
      "costShareType": "Medical Individual + Dependents Deductible",
      "createdBy": "mjoseph@upmc.com",
      "creationDate": "2015-10-30T00:09:22",
      "default": 80,
      "format": "$",
      "from": 0,
      "lastModificationDate": "2015-10-30T00:09:22",
      "lastModifiedBy": "mjoseph@upmc.com",
      "max": 2400,
      "min": 100,
      "name": "e1731bfd-f810-4942-ac17-6644cc9519af-Individual + Dependents Deductible-NA-Primary",
      "objectId": "00544198-dd05-46d8-a5a1-9c497904a584",
      "objectType": "membercostshare",
      "parentId": "e1731bfd-f810-4942-ac17-6644cc9519af",
      "providerTier": "NA",
      "quantityBasis": "Per Year",
      "rangeSurroundingTexts": [
         "example here"
      ],
      "rangeTexts": [
         "test range"
      ],
      "rangeValues": [
         35,
         55
      ],
      "scale": 300,
      "selectedValue": 70,
      "step": 50,
      "to": 3000,
      "versionLabel": "1.0"
   }, {
      "costShareLevel": "Primary",
      "costShareType": "Pharmacy Individual Deductible",
      "createdBy": "mjoseph@upmc.com",
      "creationDate": "2015-10-30T00:09:22",
      "default": 80,
      "format": "$",
      "from": 0,
      "lastModificationDate": "2015-10-30T00:09:22",
      "lastModifiedBy": "mjoseph@upmc.com",
      "max": 2400,
      "min": 100,
      "name": "e1731bfd-f810-4942-ac17-6644cc9519af-Family MOOP-NA-Primary",
      "objectId": "0579fea5-db27-4494-b49e-7da63f9eba53",
      "objectType": "membercostshare",
      "parentId": "e1731bfd-f810-4942-ac17-6644cc9519af",
      "providerTier": "NA",
      "quantityBasis": "Per Year",
      "rangeSurroundingTexts": [
         "example here"
      ],
      "rangeTexts": [
         "test range"
      ],
      "rangeValues": [
         35,
         55
      ],
      "scale": 300,
      "selectedValue": 70,
      "step": 50,
      "to": 3000,
      "versionLabel": "1.0"
   }, {
      "costShareLevel": "Primary",
      "costShareType": "Pharmacy Individual Max. Out of Pocket",
      "createdBy": "mjoseph@upmc.com",
      "creationDate": "2015-10-30T00:09:22",
      "default": 80,
      "format": "$",
      "from": 0,
      "lastModificationDate": "2015-10-30T00:09:22",
      "lastModifiedBy": "mjoseph@upmc.com",
      "max": 2400,
      "min": 100,
      "name": "e1731bfd-f810-4942-ac17-6644cc9519af-Family MOOP-NA-Primary",
      "objectId": "0579fea5-db27-4494-b49e-7da63f9eba53",
      "objectType": "membercostshare",
      "parentId": "e1731bfd-f810-4942-ac17-6644cc9519af",
      "providerTier": "NA",
      "quantityBasis": "Per Year",
      "rangeSurroundingTexts": [
         "example here"
      ],
      "rangeTexts": [
         "test range"
      ],
      "rangeValues": [
         35,
         55
      ],
      "scale": 300,
      "selectedValue": 70,
      "step": 50,
      "to": 3000,
      "versionLabel": "1.0"
   }, {
      "costShareLevel": "Primary",
      "costShareType": "Dental Individual Max. Out of Pocket",
      "createdBy": "mjoseph@upmc.com",
      "creationDate": "2015-10-30T00:09:22",
      "default": 80,
      "format": "$",
      "from": 0,
      "lastModificationDate": "2015-10-30T00:09:22",
      "lastModifiedBy": "mjoseph@upmc.com",
      "max": 2400,
      "min": 100,
      "name": "e1731bfd-f810-4942-ac17-6644cc9519af-Family MOOP-NA-Primary",
      "objectId": "0579fea5-db27-4494-b49e-7da63f9eba53",
      "objectType": "membercostshare",
      "parentId": "e1731bfd-f810-4942-ac17-6644cc9519af",
      "providerTier": "NA",
      "quantityBasis": "Per Year",
      "rangeSurroundingTexts": [
         "example here"
      ],
      "rangeTexts": [
         "test range"
      ],
      "rangeValues": [
         35,
         55
      ],
      "scale": 300,
      "selectedValue": 70,
      "step": 50,
      "to": 3000,
      "versionLabel": "1.0"
   }, {
      "costShareLevel": "Primary",
      "costShareType": "Dental Individual Deductible",
      "createdBy": "mjoseph@upmc.com",
      "creationDate": "2015-10-30T00:09:22",
      "default": 80,
      "format": "$",
      "from": 0,
      "lastModificationDate": "2015-10-30T00:09:22",
      "lastModifiedBy": "mjoseph@upmc.com",
      "max": 2400,
      "min": 100,
      "name": "e1731bfd-f810-4942-ac17-6644cc9519af-Family MOOP-NA-Primary",
      "objectId": "0579fea5-db27-4494-b49e-7da63f9eba53",
      "objectType": "membercostshare",
      "parentId": "e1731bfd-f810-4942-ac17-6644cc9519af",
      "providerTier": "NA",
      "quantityBasis": "Per Year",
      "rangeSurroundingTexts": [
         "example here"
      ],
      "rangeTexts": [
         "test range"
      ],
      "rangeValues": [
         35,
         55
      ],
      "scale": 300,
      "selectedValue": 70,
      "step": 50,
      "to": 3000,
      "versionLabel": "1.0"
   }, {
      "costShareLevel": "Primary",
      "costShareType": "Dental Individual Max. Out of Pocket",
      "createdBy": "mjoseph@upmc.com",
      "creationDate": "2015-10-30T00:09:22",
      "default": 80,
      "format": "$",
      "from": 0,
      "lastModificationDate": "2015-10-30T00:09:22",
      "lastModifiedBy": "mjoseph@upmc.com",
      "max": 2400,
      "min": 100,
      "name": "e1731bfd-f810-4942-ac17-6644cc9519af-Family MOOP-NA-Primary",
      "objectId": "0579fea5-db27-4494-b49e-7da63f9eba53",
      "objectType": "membercostshare",
      "parentId": "e1731bfd-f810-4942-ac17-6644cc9519af",
      "providerTier": "NA",
      "quantityBasis": "Per Year",
      "rangeSurroundingTexts": [
         "example here"
      ],
      "rangeTexts": [
         "test range"
      ],
      "rangeValues": [
         35,
         55
      ],
      "scale": 300,
      "selectedValue": 70,
      "step": 50,
      "to": 3000,
      "versionLabel": "1.0"

   }, {
      "costShareLevel": "Primary",
      "costShareType": "Vision Individual Max. Out of Pocket",
      "createdBy": "mjoseph@upmc.com",
      "creationDate": "2015-10-30T00:09:22",
      "default": 80,
      "format": "$",
      "from": 0,
      "lastModificationDate": "2015-10-30T00:09:22",
      "lastModifiedBy": "mjoseph@upmc.com",
      "max": 2400,
      "min": 100,
      "name": "e1731bfd-f810-4942-ac17-6644cc9519af-Family MOOP-NA-Primary",
      "objectId": "0579fea5-db27-4494-b49e-7da63f9eba53",
      "objectType": "membercostshare",
      "parentId": "e1731bfd-f810-4942-ac17-6644cc9519af",
      "providerTier": "NA",
      "quantityBasis": "Per Year",
      "rangeSurroundingTexts": [
         "example here"
      ],
      "rangeTexts": [
         "test range"
      ],
      "rangeValues": [
         35,
         55
      ],
      "scale": 300,
      "selectedValue": 70,
      "step": 50,
      "to": 3000,
      "versionLabel": "1.0"
   }],
   "lastModificationDate": "2015-11-03T17:58:43",
   "lastModifiedBy": "mjoseph@upmc.com",
   "lineOfBusiness": "Commercial",
   "marketSegments": [
      "Small Group",
      "Mid Group",
      "Large Group"
   ],
   "memberFundings": [
      "HSA",
      "HIA",
      "HRA"
   ],
   "name": "UPMC Composite Product (sorting)",
   "numProviderTiers": 8,
   "objectId": "e1731bfd-f810-4942-ac17-6644cc9519af",
   "objectType": "product",
   "productClasses": [
      "Medical",
      "Dental"
   ],
   "productDueDate": "2015-12-30T05:00:00",
   "productFamilies": [
      "HMO Local"
   ],
   "productRegulatoryApproval": "Approved",
   "productRegulatoryDate": "2015-10-30T04:00:00",
   "productStatus": "Draft",
   "productType": "HMO",
   "productservices": [{
      "costshares": [
         "56cf728d-e3c6-4856-ad30-4d0af0f816f4",
         "fbec11b4-7aa1-4072-beb2-5afb05dac8be",
         "60579d8c-5fc4-4b5f-baf8-0e7ea2619fee",
         "1ed3f835-6429-473b-807e-f70ebc3ac01e",
         "b5477b46-7e6c-406c-a22a-c458cb8e5f6b",
         "0c17b6c1-a4c7-401a-9acf-c07c1886ea72",
         "55983c41-a8c8-4cf7-8a8d-74ece28cfe6e",
         "174edb47-2701-453e-8e5d-b5957de1c1ee",
         "0d0d3aaa-f1ab-4a97-8174-44adb7837768",
         "3f375922-7635-4b7c-8a0d-a31ad79c9566",
         "35ed9205-ba28-40a8-9d98-ca3ea4158ffa",
         "aab42f60-309c-472b-a438-4898dbd24023",
         "50137abf-5f89-411c-9639-65e0992237df",
         "a67e9428-c581-49be-98c0-a64946d58412",
         "d0e2ad89-7196-4932-bf50-5d11b32bbd29",
         "9143fe2f-f70f-437d-8d8d-8618c37e6cc7",
         "a7049458-ff7d-410c-9a02-f4a70b9e5f18",
         "638c9072-6706-4901-bb63-43f928398954"
      ],
      "createdBy": "mjoseph@upmc.com",
      "creationDate": "2015-10-30T00:09:23",
      "includeGlobalCostShare": false,
      "isCovered": true,
      "lastModificationDate": "2015-10-30T00:09:23",
      "lastModifiedBy": "mjoseph@upmc.com",
      "name": "e1731bfd-f810-4942-ac17-6644cc9519af-8749507e-1a07-4322-95a8-f05669f06f81",
      "objectId": "d7e2e11d-6a90-4c62-85cc-87b2b74cd093",
      "objectType": "productservice",
      "preCertificationRequired": true,
      "prodservice": [
         "8749507e-1a07-4322-95a8-f05669f06f81"
      ],
      "productId": "e1731bfd-f810-4942-ac17-6644cc9519af",
      "productName": "UPMC Composite Product",
      "productServiceName": "Allergy Testing and Diagnostic-Outpatient-Physician Office-Diagnostic",
      "serviceException": "exception message1",
      "serviceId": "8749507e-1a07-4322-95a8-f05669f06f81",
      "versionLabel": "1.0"
   }, {
      "costshares": [
         "36b38569-5982-4dd0-89bf-e2d1aa28ad81",
         "37c081f8-280e-4ae1-9619-72cde721078d",
         "23a4cf8f-a32c-4170-b774-972c410122f6",
         "9aa6dd72-d1c1-4d72-9a31-d356b9b4471a",
         "4fcc1297-650a-4f19-a9d1-6fff5cab9425",
         "48849e45-12a5-4fc1-986b-4f5f52f4d150",
         "2a4ddd75-6553-45f3-ae6b-bc39ecb6e765",
         "2240606c-41b8-4600-a49b-f54643f5fe05",
         "b160ffb9-85e9-49bb-ab2a-235ea5fafa7c",
         "781ad05f-a854-4d11-a0a6-c804fdf0dbe6",
         "c5eac262-741e-4be9-85e1-08751105ed1b",
         "633af4a5-2f73-4214-a871-06200f921177",
         "4c41361e-6154-49d8-80b0-cbab2a302fb6",
         "fa6bfda5-cb48-4b46-ad4d-7c14c43d8ffa",
         "654a7cdf-2db6-440b-bb5e-9c66990eb398",
         "25c81854-a6b4-4737-80f5-4ad1051ffb78",
         "95505bc1-6aff-446e-9679-7a3dca8c2701",
         "fc093bb9-be84-4aa4-b7f9-d68dd2e1ecc4",
         "1679cbf4-b2f9-4246-b24c-7fa7226ac216",
         "34970b79-22db-4c36-aecc-c7290976dcac",
         "bab97c7c-c886-47c1-8e34-615bdad00317",
         "44ded063-cbfd-46a5-b334-3bc0c56548f4",
         "c264d581-6343-4693-8da8-709d69c11223",
         "a425373f-d264-4bc2-9952-9d91a3b0787c",
         "5538c7f2-fdd2-4b43-8d9c-f3316a333114",
         "c154f38b-2f0f-4455-b8cb-61fe5f0455c1",
         "d02a4780-1f24-4b51-b8ec-e9dafd198799",
         "2c6c88ec-28af-425f-9679-a01ffc83374d",
         "07d1f085-3f39-415f-8f64-510b7948c777",
         "6dd8d3ea-8996-486e-b91b-e6ee152ef413",
         "56823f0c-60d4-4883-80cb-ffa1c7aa0a6e",
         "54f87712-1df6-48f9-a9ea-7812b2398c20",
         "826071fc-9640-480c-8c05-3d32a8833d64",
         "1175bc8d-7155-469d-8055-3b5f4433c580",
         "192c0b74-3227-4bf8-aa89-de39bfdcd2fd",
         "b43ca72c-9707-47fc-a55f-08f0ffde3e6b",
         "31c8bdff-4ca6-46ed-a4c3-57709529f0d2",
         "c02d89ec-2d01-4397-9671-2f35e4b8ebdb",
         "78f8a185-27c6-4581-bfd0-215f18bd1b6f",
         "73530c5c-9866-4ecd-9583-b9cb379dea64",
         "37ad8ee3-50f9-4810-9721-4ee9eb3f17c2",
         "9a68ad05-677c-4af4-92df-84fbb7b983ca",
         "1171f74b-ecd4-4c7e-8610-dd39bbe7d214",
         "f5154b63-784e-45cb-8cf2-7c3ec3447b8b",
         "1c5bf9c7-109e-4484-aab3-ea1afd9d515a",
         "ccd2d12b-8548-4cbf-b891-40f108e6275e",
         "9120ca01-3554-4be4-852c-b2fb055d3250",
         "138d52c0-5152-4492-8142-f4f23c171f9a",
         "ff933a00-1c46-4273-a01a-5b7c4a07567c",
         "2f4c7ee6-6ff2-4ef5-b607-4c65f5292776",
         "778e569d-fff4-4394-91b2-54663eda2fab",
         "11be5631-0271-4f85-9fa8-c8b39eb9491c",
         "99338573-ef1a-4ea6-8efe-6ee12d4b0791",
         "04a66967-2077-460f-8563-7362ff25ec9d",
         "308d7e39-36b9-40af-8cc4-4d20abcf62d6",
         "06ac10a7-c8e0-4124-8ce5-f6995a06fff6",
         "51a328ec-efd8-444e-bc68-bf70197dc7c6",
         "0a5717e1-2eb2-407d-b2e3-761e9423afdf",
         "9ce11e45-7f64-4fdd-8961-8a520141bc3c",
         "88e68ea1-0191-4f5f-a5aa-420b1be0e2d4",
         "66764232-5bf6-4b26-b8f6-82c72d3c85fa",
         "24ba69ba-ac9a-49f2-90c8-af52fc074246",
         "a11631f3-fe0d-4087-bf16-66c6de997bf7",
         "36963347-43b3-415a-accc-3aa6f6f95f49",
         "ae7aa4a9-c4c8-4c64-9791-d08cc7e51682",
         "e9709ed7-69fb-4920-a2e7-41b51952a3d5",
         "ef2baa0b-372f-4e79-878e-a4c31ac5824e",
         "21ccf8c3-f026-4225-87e2-dac7fb57065c",
         "8e1413bf-2d33-45de-92e2-0a738293075e",
         "c50a6360-31d3-4584-af28-0cbfb8f5ffcf",
         "24b9a6fe-d44f-4b3b-888b-2e62ea53fcf7",
         "63442f38-e756-4576-8a65-b03bfa3415f7"
      ],
      "createdBy": "mjoseph@upmc.com",
      "creationDate": "2015-10-30T00:09:26",
      "includeGlobalCostShare": false,
      "isCovered": true,
      "lastModificationDate": "2015-10-30T00:09:26",
      "lastModifiedBy": "mjoseph@upmc.com",
      "name": "e1731bfd-f810-4942-ac17-6644cc9519af-4d60ff7a-e377-435b-a70d-53e516153cfa",
      "objectId": "26167075-119d-416e-873d-b9efa923f7ee",
      "objectType": "productservice",
      "preCertificationRequired": true,
      "prodservice": [
         "4d60ff7a-e377-435b-a70d-53e516153cfa"
      ],
      "productId": "e1731bfd-f810-4942-ac17-6644cc9519af",
      "productName": "UPMC Composite Product",
      "productServiceName": "Acupuncture-Outpatient-Physician Office-Alternative Medicine",
      "serviceException": "exception message2",
      "serviceId": "4d60ff7a-e377-435b-a70d-53e516153cfa",
      "versionLabel": "1.0"
   }],
   "providerNetworks": [
      "HMO Commercial",
      "PPO Commercial",
      "Medicaid"
   ],
   "providerTierDisplayNames": [
      "In Network",
      "Out of Network",
      "Out of Area",
      "Out of Country",
      "TESTupmc Network 1",
      "TESTupmc Network 2",
      "TESTupmc Network 3",
      "Coverage"
   ],
   "providerTierLevel": "4",
   "providerTierNames": [
      "In Network",
      "Out of Network",
      "Out of Area",
      "Out of Country",
      "Preferred Network 1",
      "Preferred Network 2",
      "Preferred Network 3",
      "Coverage"
   ],
   "udfproduct_deductibleMedicalAccumulationTypeEMBorAGG": null,
   "udfproduct_deductibleRxAccumulationTypeEMBorAGG": null,
   "udfproduct_outOfPocketMedicalAccumulationTypeEMBorAGG": null,
   "udfproduct_outOfPocketRxAccumulationTypeEMBorAGG": null,
   "udfproduct_outOfPocketTier1MedicalAccumulationTypeEMBorAGG": null,
   "udfproduct_referralRequirement": null,
   "versionLabel": "1.0"
}