{
  "attributes": [
    {
      "id": 101,
      "type": "textInput",
      "multiple": false,
      "displayName": "Service Header",
      "attributeType": "A",
      "placeholder": "Service Header",
      "nameId": "udfproductservice_serviceHeader",
      "modifiable": true,
      "requiredField": false,
      "parentId": "",
      "options": [],
      "children": null
    },
    {
      "id": 102,
      "type": "radioButton",
      "multiple": false,
      "displayName": "Show on Document Override",
      "attributeType": "A",
      "placeholder": "Show on Document Override",
      "nameId": "udfproductservice_isShowOnDocument",
      "modifiable": true,
      "requiredField": false,
      "parentId": "",
      "options": [
        {
          "optionNameId": "yes",
          "label": "Yes"
        },
        {
          "optionNameId": "no",
          "label": "No"
        }
      ],
      "children": null
    }
  ],
  "error": false,
  "message": ""
}