[{
   "objectId": "57f7631a-4c70-4448-8ca8-40dfad03a31a;1.0",
   "name": "HMO Large Jan012015 2",
   "element1": "1",
   "element2": "2",
   "element3": "3",
   "element4": "4",
   "productClass": "Medical",
   "productType": "HMO",
   "productStatus": null,
   "effectiveDate": {
      "startDate": "2015-02-23",
      "endDate": "2015-02-26"
   },
   "deductible": [{
      "value1": 100,
      "value2": 200,
      "valueType": "A1"
   }],
   "copay": [{
      "value1": 900,
      "value2": 1800,
      "valueType": "A1"
   }],
   "moop": [{
      "value1": 900,
      "value2": 1800,
      "valueType": "A1"
   }, {
      "value1": 1800,
      "value2": 3600,
      "valueType": "A2"
   }],
   "productFamily": null
}, {
   "objectId": "b196d8a4-61fb-4579-ac8a-54c4b9b35534;1.0",
   "name": "HMO Large Jan0120151426178272040",
   "element1": "1",
   "element2": "2",
   "element3": "3",
   "element4": "4",
   "productClass": "Medical",
   "productType": "HMO",
   "productStatus": null,
   "effectiveDate": {
      "startDate": "2015-02-23",
      "endDate": "2015-02-26"
   },
   "deductible": [{
      "value1": 500,
      "value2": 1000,
      "valueType": "A1"
   }],
   "copay": [{
      "value1": 100,
      "value2": 200,
      "valueType": "A1"
   }, {
      "value1": 200,
      "value2": 400,
      "valueType": "A2"
   }],
   "moop": [{
      "value1": 900,
      "value2": 1800,
      "valueType": "A1"
   }, {
      "value1": 1800,
      "value2": 3600,
      "valueType": "A2"
   }],
   "productFamily": null
}, {
   "objectId": "598f41f1-8c23-46e5-a719-f8044f12a1a5;1.0",
   "name": "HMO Large Jan0120151426178869022",
   "element1": "1",
   "element2": "2",
   "element3": "3",
   "element4": "4",
   "productClass": "Medical",
   "productType": "HMO",
   "productStatus": null,
   "effectiveDate": {
      "startDate": "2015-02-23",
      "endDate": "2015-02-26"
   },
   "deductible": [{
      "value1": 100,
      "value2": 200,
      "valueType": "A1"
   }],
   "copay": [{
      "value1": 800,
      "value2": 1600,
      "valueType": "A1"
   }],
   "moop": [{
      "value1": 1000,
      "value2": 2000,
      "valueType": "A1"
   }, {
      "value1": 2000,
      "value2": 4000,
      "valueType": "A2"
   }, {
      "value1": 3000,
      "value2": 6000,
      "valueType": "A3"
   }],
   "productFamily": null
}, {
   "objectId": "8eafb10d-7b15-4e43-91e1-db412a7e3fa9;1.0",
   "name": "HMO Large Jan0120151426182305115",
   "element1": "1",
   "element2": "2",
   "element3": "3",
   "element4": "4",
   "productClass": "Medical",
   "productType": "HMO",
   "productStatus": null,
   "effectiveDate": {
      "startDate": "2015-02-23",
      "endDate": "2015-02-26"
   },
   "deductible": [{
      "value1": 1000,
      "value2": 2000,
      "valueType": "A1"
   }, {
      "value1": 2000,
      "value2": 4000,
      "valueType": "A2"
   }, {
      "value1": 3000,
      "value2": 6000,
      "valueType": "A3"
   }],
   "copay": [{
      "value1": 600,
      "value2": 1200,
      "valueType": "A1"
   }, {
      "value1": 1200,
      "value2": 2400,
      "valueType": "A2"
   }, {
      "value1": 1800,
      "value2": 3600,
      "valueType": "A3"
   }, {
      "value1": 2400,
      "value2": 4800,
      "valueType": "A4"
   }],
   "moop": [{
      "value1": 700,
      "value2": 1400,
      "valueType": "A1"
   }, {
      "value1": 1400,
      "value2": 2800,
      "valueType": "A2"
   }],
   "productFamily": null
}, {
   "objectId": "42610349-812f-4f10-8415-c97a4cd9386d;1.0",
   "name": "HMO Large Jan0120151426187050813",
   "element1": "1",
   "element2": "2",
   "element3": "3",
   "element4": "4",
   "productClass": "Medical",
   "productType": "HMO",
   "productStatus": null,
   "effectiveDate": {
      "startDate": "2015-02-23",
      "endDate": "2015-02-26"
   },
   "deductible": [{
      "value1": 1000,
      "value2": 2000,
      "valueType": "A1"
   }, {
      "value1": 2000,
      "value2": 4000,
      "valueType": "A2"
   }, {
      "value1": 3000,
      "value2": 6000,
      "valueType": "A3"
   }, {
      "value1": 4000,
      "value2": 8000,
      "valueType": "A4"
   }, {
      "value1": 5000,
      "value2": 10000,
      "valueType": "A5"
   }],
   "copay": [{
      "value1": 900,
      "value2": 1800,
      "valueType": "A1"
   }, {
      "value1": 1800,
      "value2": 3600,
      "valueType": "A2"
   }],
   "moop": [{
      "value1": 900,
      "value2": 1800,
      "valueType": "A1"
   }, {
      "value1": 1800,
      "value2": 3600,
      "valueType": "A2"
   }, {
      "value1": 2700,
      "value2": 5400,
      "valueType": "A3"
   }],
   "productFamily": null
}, {
   "objectId": "4f3e70b2-d706-449a-84b7-249ec35bca9a;1.0",
   "name": "HMO Large Jan0120151426187197865",
   "element1": "1",
   "element2": "2",
   "element3": "3",
   "element4": "4",
   "productClass": "Medical",
   "productType": "HMO",
   "productStatus": null,
   "effectiveDate": {
      "startDate": "2015-02-23",
      "endDate": "2015-02-26"
   },
   "deductible": [{
      "value1": 700,
      "value2": 1400,
      "valueType": "A1"
   }, {
      "value1": 1400,
      "value2": 2800,
      "valueType": "A2"
   }, {
      "value1": 2100,
      "value2": 4200,
      "valueType": "A3"
   }, {
      "value1": 2800,
      "value2": 5600,
      "valueType": "A4"
   }],
   "copay": [{
      "value1": 500,
      "value2": 1000,
      "valueType": "A1"
   }, {
      "value1": 1000,
      "value2": 2000,
      "valueType": "A2"
   }],
   "moop": [{
      "value1": 800,
      "value2": 1600,
      "valueType": "A1"
   }],
   "productFamily": null
}, {
   "objectId": "b83154e1-c72b-4043-8efc-f9d0bb1526ab;1.0",
   "name": "test-1426194836185.txt",
   "element1": "1",
   "element2": "2",
   "element3": "3",
   "element4": "4",
   "productClass": null,
   "productType": null,
   "productStatus": null,
   "effectiveDate": {
      "startDate": null,
      "endDate": null
   },
   "deductible": [{
      "value1": 500,
      "value2": 1000,
      "valueType": "A1"
   }, {
      "value1": 1000,
      "value2": 2000,
      "valueType": "A2"
   }, {
      "value1": 1500,
      "value2": 3000,
      "valueType": "A3"
   }],
   "copay": [{
      "value1": 200,
      "value2": 400,
      "valueType": "A1"
   }, {
      "value1": 400,
      "value2": 800,
      "valueType": "A2"
   }, {
      "value1": 600,
      "value2": 1200,
      "valueType": "A3"
   }, {
      "value1": 800,
      "value2": 1600,
      "valueType": "A4"
   }, {
      "value1": 1000,
      "value2": 2000,
      "valueType": "A5"
   }],
   "moop": [{
      "value1": 400,
      "value2": 800,
      "valueType": "A1"
   }, {
      "value1": 800,
      "value2": 1600,
      "valueType": "A2"
   }, {
      "value1": 1200,
      "value2": 2400,
      "valueType": "A3"
   }, {
      "value1": 1600,
      "value2": 3200,
      "valueType": "A4"
   }],
   "productFamily": null
}]