{
  "attributes": [{
    "id": 1,
    "type": "radio",
    "multiple": false,
    "displayName": "Product",
    "attributeType": "A",
    "attributeName": "Product",
    "zIndex": 1,
    "placeholder": "Product",
    "cmisName": "hr:productClass",
    "nameId": "productClass",
    "modifiable": false,
    "requiredField": true,
    "parentId": "",
    "options": [{
      "optionNameId": "medical",
      "label": "Medical"
    }, {
      "optionNameId": "dental",
      "label": "Dental"
    }, {
      "optionNameId": "vision",
      "label": "Vision"
    }, {
      "optionNameId": "pharmacy",
      "label": "Pharmacy"
    }],
    "children": null
  }, {
    "id": 2,
    "type": "radio",
    "multiple": false,
    "displayName": "Product Type",
    "attributeType": "A",
    "attributeName": "Product Type",
    "zIndex": 2,
    "placeholder": "Product Type",
    "cmisName": "hr:productType",
    "nameId": "productType",
    "modifiable": false,
    "requiredField": false,
    "parentId": "",
    "options": [{
      "optionNameId": "hmo",
      "label": "HMO"
    }, {
      "optionNameId": "ppo",
      "label": "PPO"
    }, {
      "optionNameId": "POS",
      "label": "POS"
    }, {
      "optionNameId": "hsa",
      "label": "HSA"
    }, {
      "optionNameId": "cdhpHsa",
      "label": "CDHP & HSA"
    }],
    "children": null
  }, {
    "id": 3,
    "type": "checkbox",
    "multiple": true,
    "displayName": "Market Segment",
    "attributeType": "A",
    "attributeName": "Market Segment",
    "zIndex": 3,
    "placeholder": "Market Segment",
    "cmisName": "hr:marketSegments",
    "nameId": "marketSegments",
    "modifiable": false,
    "requiredField": true,
    "parentId": "",
    "options": [{
      "optionNameId": "small",
      "label": "Small (1-50)"
    }, {
      "optionNameId": "medium",
      "label": "Medium (51-100)"
    }, {
      "optionNameId": "large",
      "label": "Large (101-150)"
    }],
    "children": null
  }, {
    "id": 4,
    "type": "checkbox",
    "multiple": true,
    "displayName": "Distribution Channel",
    "attributeType": "A",
    "attributeName": "Distribution Channel",
    "zIndex": 3,
    "placeholder": "Distribution Channel",
    "cmisName": "hr:distributionChannels",
    "nameId": "distributionChannels",
    "modifiable": false,
    "requiredField": false,
    "parentId": "",
    "options": [{
      "optionNameId": "publicExchange",
      "label": "Public Exchange"
    }, {
      "optionNameId": "privateExchange",
      "label": "Private Exchange"
    }],
    "children": null
  }, {
    "id": 5,
    "type": "dateRange",
    "multiple": true,
    "displayName": "Effective Date",
    "attributeType": "A",
    "attributeName": "Effective Date",
    "zIndex": 3,
    "placeholder": "Effective Date",
    "cmisName": "hr:effectiveDate",
    "nameId": "effectiveDates",
    "modifiable": false,
    "requiredField": true,
    "parentId": "",
    "options": [{
      "optionNameId": "effectiveDate",
      "label": "Start Date"
    }, {
      "optionNameId": "endDate",
      "label": "End Date"
    }],
    "children": null
  }, {
    "id": 6,
    "type": "date",
    "multiple": false,
    "displayName": "Product Due Date",
    "attributeType": "A",
    "attributeName": "Product Due Date",
    "zIndex": 3,
    "placeholder": "Product Due Date",
    "cmisName": "hr:productDueDate",
    "nameId": "productDueDate",
    "modifiable": false,
    "requiredField": false,
    "parentId": "",
    "options": [{
      "optionNameId": "date",
      "label": "date"
    }],
    "children": null
  }, {
    "id": 7,
    "type": "tiers",
    "multiple": true,
    "displayName": "Number of Tiers",
    "attributeType": "A",
    "attributeName": "Number of Tiers",
    "zIndex": 3,
    "placeholder": "Number of Tiers",
    "cmisName": "productTiers",
    "nameId": "productTiers",
    "modifiable": false,
    "requiredField": false,
    "parentId": "",
    "options": [],
    "children": null
  }, {
    "id": 8,
    "type": "textInput",
    "multiple": false,
    "displayName": "Provider Tier Level",
    "attributeType": "A",
    "attributeName": "Provider Tier Level",
    "zIndex": 3,
    "placeholder": "Provider Tier Level",
    "cmisName": "hr:providerTierLevel",
    "nameId": "providerTierLevel",
    "modifiable": false,
    "requiredField": false,
    "parentId": "",
    "options": [],
    "children": null
  }, {
    "id": 9,
    "type": "dropdown",
    "multiple": true,
    "displayName": "Product Family",
    "attributeType": "A",
    "attributeName": "Product Family",
    "zIndex": 3,
    "placeholder": "Product Family",
    "cmisName": "hr:productFamilies",
    "nameId": "productFamilies",
    "modifiable": false,
    "requiredField": false,
    "parentId": "",
    "options": [{
      "optionNameId": "hmoLocal",
      "label": "HMO Local"
    }, {
      "optionNameId": "hmoNe",
      "label": "HMO NE"
    }, {
      "optionNameId": "ppoLocal",
      "label": "PPO Local"
    }, {
      "optionNameId": "ppoNe",
      "label": "PPO NE"
    }],
    "children": null
  }, {
    "id": 10,
    "type": "radio",
    "multiple": false,
    "displayName": "Product Regulatory Approval",
    "attributeType": "A",
    "attributeName": "Product Regulatory Approval",
    "zIndex": 3,
    "placeholder": "Product Regulatory Approval",
    "cmisName": "hr:productRegulatoryApproval",
    "nameId": "productRegulatoryApproval",
    "modifiable": false,
    "requiredField": false,
    "parentId": "",
    "options": [{
      "optionNameId": "approved",
      "label": "Approved"
    }, {
      "optionNameId": "pending",
      "label": "Pending"
    }, {
      "optionNameId": "denied",
      "label": "Denied"
    }, {
      "optionNameId": "blank",
      "label": "Blank"
    }],
    "children": null
  }, {
    "id": 11,
    "type": "date",
    "multiple": false,
    "displayName": "Product Regulatory Date",
    "attributeType": "A",
    "attributeName": "Product Regulatory Date",
    "zIndex": 3,
    "placeholder": "Product Regulatory Date",
    "cmisName": "hr:productRegulatoryDate",
    "nameId": "productRegulatoryDate",
    "modifiable": false,
    "requiredField": false,
    "parentId": "",
    "options": [{
      "optionNameId": "date",
      "label": "date"
    }],
    "children": null
  }, {
    "id": 12,
    "type": "dropdown",
    "multiple": true,
    "displayName": "Provider Network",
    "attributeType": "A",
    "attributeName": "Provider Network",
    "zIndex": 3,
    "placeholder": "Provider Network",
    "cmisName": "hr:providerNetworks",
    "nameId": "providerNetworks",
    "modifiable": false,
    "requiredField": false,
    "parentId": "",
    "options": [{
      "optionNameId": "hmoCommercial",
      "label": "HMO Commercial"
    }, {
      "optionNameId": "ppoCommercial",
      "label": "PPO Commercial"
    }, {
      "optionNameId": "medicaid",
      "label": "Medicaid"
    }],
    "children": null
  }, {
    "id": 13,
    "type": "dropdown",
    "multiple": true,
    "displayName": "Funding Arrangement",
    "attributeType": "A",
    "attributeName": "Funding Arrangement",
    "zIndex": 3,
    "placeholder": "Funding Arrangement",
    "cmisName": "hr:fundingArrangements",
    "nameId": "fundingArrangements",
    "modifiable": false,
    "requiredField": false,
    "parentId": "",
    "options": [{
      "optionNameId": "fullyInsured",
      "label": "Fully Insured"
    }, {
      "optionNameId": "selfFunded",
      "label": "Self Funded"
    }],
    "children": null
  }, {
    "id": 14,
    "type": "dropdown",
    "multiple": true,
    "displayName": "Member Funding",
    "attributeType": "A",
    "attributeName": "Member Funding",
    "zIndex": 3,
    "placeholder": "Member Funding",
    "cmisName": "hr:memberFundings",
    "nameId": "memberFundings",
    "modifiable": false,
    "requiredField": false,
    "parentId": "",
    "options": [{
      "optionNameId": "hsa",
      "label": "HSA"
    }, {
      "optionNameId": "hia",
      "label": "HIA"
    }, {
      "optionNameId": "hra",
      "label": "HRA"
    }],
    "children": null
  }, {
    "id": 15,
    "type": "textInput",
    "multiple": false,
    "displayName": "Product Name",
    "attributeType": "A",
    "attributeName": "Product Name",
    "zIndex": 3,
    "placeholder": "Product Name",
    "cmisName": "hr:productName",
    "nameId": "productName",
    "modifiable": false,
    "requiredField": false,
    "parentId": "",
    "options": [],
    "children": null
  }],
  "error": false,
  "message": ""
}