[
  {
    "id": 1,
    "name": "HMO",
    "effectiveDateFrom": "2014-03-10T13:40:44.051Z",
    "effectiveDateTo": "2015-09-10T13:40:44.051Z",
    "draft": true,
    "planFamily": [
      "Local",
      "Preferred"
    ],
    "costShare": {
      "Deductible": {
        "individual": [20,1000],
        "family": [500, 1000]
      },
      "Copay": {
        "individual": [45,100],
        "family": [80, 100]
      },
      "MOOP": {
        "individual": [40,100],
        "family": [80, 100]
      }
    },
    "children": {
      "type": "plans",
      "count": 2
    }
  },
  {
    "id": 2,
    "name": "PPO",
    "effectiveDateFrom": "2014-03-10T13:40:44.051Z",
    "effectiveDateTo": "2015-09-10T13:40:44.051Z",
    "draft": false,
    "planFamily": [
      "Local",
      "Preferred"
    ],
    "costShare": {
      "Deductible": {
        "individual": [20,1000],
        "family": [500, 1000]
      },
      "Copay": {
        "individual": [45,100],
        "family": [80, 100]
      },
      "MOOP": {
        "individual": [40,100],
        "family": [80, 100]
      }
    },
    "children": {
      "type": "plans",
      "count": 0
    }
  }
]
