{
  "coverageTiersMapping": {
    "Individual + Dependents": [
      "medicalIndividualPlusDependentsMoop",
      "medicalIndividualPlusDependentsSecondaryMoop",
      "medicalIndividualPlusDependentsDeductible",
      "pharmacyIndividualPlusDependentsMoop",
      "pharmacyIndividualPlusDependentsSecondaryMoop",
      "pharmacyndividualPlusDependentsDeductible",
      "visionIndividualPlusDependentsMoop",
      "visionIndividualPlusDependentsSecondaryMoop",
      "visionIndividualPlusDependentsDeductible",
      "dentalIndividualPlusDependentsMoop",
      "dentalIndividualPlusDependentsSecondaryMoop",
      "dentalIndividualPlusDependentsDeductible"
    ],
    "Individual + 1 (Spouse)": [
      "medicalIndividualPlusSpouseMoop",
      "medicalIndividualPlusSpouseSecondaryMoop",
      "medicalIndividualPlusSpouseDeductible",
      "pharmacyIndividualPlusSpouseMoop",
      "pharmacyIndividualPlusSpouseSecondaryMoop",
      "pharmacyIndividualPlusSpouseDeductible",
      "visionIndividualPlusSpouseMoop",
      "visionIndividualPlusSpouseSecondaryMoop",
      "visionIndividualPlusSpouseDeductible",
      "dentalIndividualPlusSpouseMoop",
      "dentalIndividualPlusSpouseSecondaryMoop",
      "dentalIndividualPlusSpouseDeductible"
    ],
    "Individual": [
      "medicalIndividualMoop",
      "medicalIndividualSecondaryMoop",
      "medicalIndividualDeductible",
      "pharmacyIndividualMoop",
      "pharmacyIndividualSecondaryMoop",
      "pharmacyIndividualDeductible",
      "visionIndividualMoop",
      "visionIndividualSecondaryMoop",
      "visionIndividualDeductible",
      "dentalIndividualMoop",
      "dentalIndividualSecondaryMoop",
      "dentalIndividualDeductible"
    ],
    "Family": [
      "medicalFamilyMoop",
      "medicalFamilySecondaryMoop",
      "medicalFamilyDeductible",
      "pharmacyFamilyMoop",
      "pharmacyFamilySecondaryMoop",
      "pharmacyFamilyDeductible",
      "visionFamilyMoop",
      "visionFamilySecondaryMoop",
      "visionFamilyDeductible",
      "dentalFamilyMoop",
      "dentalFamilySecondaryMoop",
      "dentalFamilyDeductible"
    ]
  },
  "productFieldsMetaData": [
    {
      "id": 1,
      "type": "checkbox",
      "multiple": true,
      "displayName": "Product",
      "attributeType": "A",
      "placeholder": "Product",
      "nameId": "productClasses",
      "modifiable": true,
      "requiredField": true,
      "parentId": "",
      "options": [
        {
          "optionNameId": "medical",
          "label": "Medical"
        },
        {
          "optionNameId": "dental",
          "label": "Dental"
        },
        {
          "optionNameId": "vision",
          "label": "Vision"
        },
        {
          "optionNameId": "pharmacy",
          "label": "Pharmacy"
        }
      ],
      "children": null
    },
    {
      "id": 2,
      "type": "checkbox",
      "multiple": true,
      "displayName": "Product Types",
      "attributeType": "A",
      "placeholder": "Product Types",
      "nameId": "productTypes",
      "modifiable": true,
      "requiredField": true,
      "parentId": "",
      "options": [
        {
          "optionNameId": "hmo",
          "label": "HMO"
        },
        {
          "optionNameId": "ppo",
          "label": "PPO"
        },
        {
          "optionNameId": "pos",
          "label": "POS"
        },
        {
          "optionNameId": "epo",
          "label": "EPO"
        },
        {
          "optionNameId": "indemnity",
          "label": "Indemnity"
        },
        {
          "optionNameId": "catastrophic",
          "label": "Catastrophic"
        }
      ],
      "children": null
    },
    {
      "id": 3,
      "type": "radio",
      "multiple": false,
      "displayName": "Line Of Business",
      "attributeType": "A",
      "placeholder": "Line Of Business",
      "nameId": "lineOfBusiness",
      "modifiable": true,
      "requiredField": true,
      "parentId": "",
      "options": [
        {
          "optionNameId": "commercial",
          "label": "Commercial"
        },
        {
          "optionNameId": "medicaid",
          "label": "Medicaid"
        },
        {
          "optionNameId": "medicare",
          "label": "Medicare"
        }],
      "children": null
    },
    {
      "id": 4,
      "type": "radio",
      "multiple": false,
      "displayName": "Product Regulatory Approval",
      "attributeType": "A",
      "placeholder": "Product Regulatory Approval",
      "nameId": "productRegulatoryApproval",
      "modifiable": true,
      "requiredField": false,
      "parentId": "",
      "options": [
        {
          "optionNameId": "approved",
          "label": "Approved"
        },
        {
          "optionNameId": "pending",
          "label": "Pending"
        },
        {
          "optionNameId": "denied",
          "label": "Denied"
        }],
      "children": null
    },
    {
      "id": 5,
      "type": "date",
      "multiple": false,
      "displayName": "Product Regulatory Date",
      "attributeType": "A",
      "placeholder": "Product Regulatory Date",
      "nameId": "productRegulatoryDate",
      "modifiable": true,
      "requiredField": false,
      "parentId": "",
      "options": [
        {
          "optionNameId": "date",
          "label": "date"
        }
      ],
      "children": null
    },
    {
      "id": 6,
      "type": "dropdown",
      "multiple": true,
      "displayName": "Product Family",
      "attributeType": "A",
      "placeholder": "Product Family",
      "nameId": "productFamilies",
      "modifiable": true,
      "requiredField": false,
      "parentId": "",
      "options": [
        {
          "optionNameId": "hmoLocal",
          "label": "HMO Local"
        },
        {
          "optionNameId": "hmoNe",
          "label": "HMO NE"
        },
        {
          "optionNameId": "ppoLocal",
          "label": "PPO Local"
        },
        {
          "optionNameId": "ppoNe",
          "label": "PPO NE"
        }
      ],
      "children": null
    },
    {
      "id": 7,
      "type": "tiers",
      "multiple": true,
      "displayName": "Provider Tiers",
      "attributeType": "A",
      "placeholder": "Provider Tiers",
      "nameId": "productTiers",
      "modifiable": true,
      "requiredField": false,
      "parentId": "",
      "options": [],
      "children": null
    },
    {
      "id": 8,
      "type": "radioButton",
      "multiple": false,
      "displayName": "Is Provider Network",
      "attributeType": "A",
      "placeholder": "Is Provider Network",
      "nameId": "isProviderNetwork",
      "modifiable": true,
      "requiredField": false,
      "parentId": "",
      "options": [
        {
          "optionNameId": "yes",
          "label": "Yes"
        },
        {
          "optionNameId": "no",
          "label": "No"
        }
      ],
      "children": null
    },
    {
      "id": 9,
      "type": "textInput",
      "multiple": false,
      "displayName": "Provider Network Link",
      "attributeType": "A",
      "placeholder": "Provider Network Link",
      "nameId": "providerNetworkLink",
      "modifiable": true,
      "requiredField": false,
      "parentId": "",
      "options": [],
      "children": null
    },
    {
      "id": 10,
      "type": "textInput",
      "multiple": false,
      "displayName": "Provider Network Phone Number",
      "attributeType": "A",
      "placeholder": "Provider Network Phone Number",
      "nameId": "providerNetworkPhoneNumber",
      "modifiable": true,
      "requiredField": false,
      "parentId": "",
      "options": [],
      "children": null
    },
    {
      "id": 11,
      "type": "textInput",
      "multiple": false,
      "displayName": "Legal Entity",
      "attributeType": "A",
      "placeholder": "Legal Entity",
      "nameId": "legalEntity",
      "modifiable": true,
      "requiredField": false,
      "parentId": "",
      "options": [],
      "children": null
    },
    {
      "id": 12,
      "type": "radio",
      "multiple": false,
      "displayName": "Funding Arrangements",
      "attributeType": "A",
      "placeholder": "Funding Arrangements",
      "nameId": "fundingArrangements",
      "modifiable": true,
      "requiredField": true,
      "parentId": "",
      "options": [
        {
          "optionNameId": "fullyInsured",
          "label": "Fully Insured"
        },
        {
          "optionNameId": "aso",
          "label": "ASO"
        }
      ],
      "children": null
    },
    {
      "id": 13,
      "type": "checkbox",
      "multiple": true,
      "displayName": "Member Fundings",
      "attributeType": "A",
      "placeholder": "Member Fundings",
      "nameId": "memberFundings",
      "modifiable": true,
      "requiredField": false,
      "parentId": "",
      "options": [
        {
          "optionNameId": "hsa",
          "label": "HSA"
        },
        {
          "optionNameId": "hia",
          "label": "HIA"
        },
        {
          "optionNameId": "hra",
          "label": "HRA"
        }
      ],
      "children": null
    },
    {
      "id": 14,
      "type": "checkbox",
      "multiple": true,
      "displayName": "Market Segments",
      "attributeType": "A",
      "placeholder": "Market Segments",
      "nameId": "marketSegments",
      "modifiable": true,
      "requiredField": true,
      "parentId": "",
      "options": [
        {
          "optionNameId": "individualUnder65",
          "label": "Individual Under 65"
        },
        {
          "optionNameId": "individualOver65",
          "label": "Individual Over 65"
        },
        {
          "optionNameId": "smallGroup",
          "label": "Small Group"
        },
        {
          "optionNameId": "midGroup",
          "label": "Mid Group"
        },
        {
          "optionNameId": "largeGroup",
          "label": "Large Group"
        },
        {
          "optionNameId": "nationalAccount",
          "label": "National Account"
        },
        {
          "optionNameId": "student",
          "label": "Student"
        }
      ],
      "children": null
    },
    {
      "id": 15,
      "type": "checkbox",
      "multiple": true,
      "displayName": "Distribution Channels",
      "attributeType": "A",
      "placeholder": "Distribution Channels",
      "nameId": "distributionChannels",
      "modifiable": true,
      "requiredField": false,
      "parentId": "",
      "options": [
        {
          "optionNameId": "public exchange",
          "label": "Public Exchange"
        },
        {
          "optionNameId": "private exchange",
          "label": "Private Exchange"
        }
      ],
      "children": null
    },
    {
      "id": 16,
      "type": "checkbox",
      "multiple": true,
      "displayName": "Applicable Coverage Tiers",
      "attributeType": "A",
      "placeholder": "Applicable Coverage Tiers",
      "nameId": "applicableCoverageTiers",
      "modifiable": true,
      "requiredField": true,
      "parentId": "",
      "options": [
        {
          "optionNameId": "individual",
          "label": "Individual"
        },
        {
          "optionNameId": "individualPlusSpouse",
          "label": "Individual + 1 (Spouse)"
        },
        {
          "optionNameId": "individualPlusDependents",
          "label": "Individual + Dependents"
        },
        {
          "optionNameId": "family",
          "label": "Family"
        }
      ],
      "children": null
    },
    {
      "id": 17,
      "type": "radio",
      "multiple": false,
      "displayName": "Deductible Amounts Are?",
      "attributeType": "A",
      "placeholder": "Deductible Amounts Are?",
      "nameId": "isDeductibleAmountsCombinedOrSeparate",
      "modifiable": true,
      "requiredField": false,
      "parentId": "",
      "options": [
        {
          "optionNameId": "yes",
          "label": "Combined"
        },
        {
          "optionNameId": "no",
          "label": "Separate"
        }],
      "children": null
    },
    {
      "id": 18,
      "type": "radioButton",
      "multiple": false,
      "displayName": "Include Secondary Max. Out of Pocket?",
      "attributeType": "A",
      "placeholder": "Include Secondary Max. Out of Pocket?",
      "nameId": "isIncludeSecondaryMoop",
      "modifiable": true,
      "requiredField": false,
      "parentId": "",
      "options": [
        {
          "optionNameId": "yes",
          "label": "Yes"
        },
        {
          "optionNameId": "no",
          "label": "No"
        }
      ],
      "children": null
    },
    {
      "id": 19,
      "type": "slider",
      "multiple": false,
      "displayName": "Medical Individual Max. Out of Pocket",
      "attributeType": "A",
      "placeholder": "Medical Individual Max. Out of Pocket",
      "nameId": "medicalIndividualMoop",
      "modifiable": true,
      "requiredField": false,
      "parentId": "applicableCoverageTiers",
      "options": [
        {
          "optionNameId": "splitByTier",
          "label": "false"
        }
      ],
      "children": null
    },
    {
      "id": 20,
      "type": "slider",
      "multiple": false,
      "displayName": "Medical Individual Secondary Max. Out of Pocket",
      "attributeType": "A",
      "placeholder": "Medical Individual Secondary Max. Out of Pocket",
      "nameId": "medicalIndividualSecondaryMoop",
      "modifiable": true,
      "requiredField": false,
      "parentId": "applicableCoverageTiers",
      "options": [
        {
          "optionNameId": "splitByTier",
          "label": "false"
        }
      ],
      "children": null
    },
    {
      "id": 21,
      "type": "slider",
      "multiple": false,
      "displayName": "Medical Individual Deductible",
      "attributeType": "A",
      "placeholder": "Medical Individual Deductible",
      "nameId": "medicalIndividualDeductible",
      "modifiable": true,
      "requiredField": false,
      "parentId": "applicableCoverageTiers",
      "options": [
        {
          "optionNameId": "splitByTier",
          "label": "true"
        }
      ],
      "children": null
    },
    {
      "id": 22,
      "type": "slider",
      "multiple": false,
      "displayName": "Medical Individual + 1 (Spouse) Max. Out of Pocket",
      "attributeType": "A",
      "placeholder": "Medical Individual + 1 (Spouse) Max. Out of Pocket",
      "nameId": "medicalIndividualPlusSpouseMoop",
      "modifiable": true,
      "requiredField": false,
      "parentId": "applicableCoverageTiers",
      "options": [
        {
          "optionNameId": "splitByTier",
          "label": "false"
        }
      ],
      "children": null
    },
    {
      "id": 23,
      "type": "slider",
      "multiple": false,
      "displayName": "Medical Individual + 1 (Spouse) Secondary Max. Out of Pocket",
      "attributeType": "A",
      "placeholder": "Medical Individual + 1 (Spouse) Secondary Max. Out of Pocket",
      "nameId": "medicalIndividualPlusSpouseSecondaryMoop",
      "modifiable": true,
      "requiredField": false,
      "parentId": "applicableCoverageTiers",
      "options": [
        {
          "optionNameId": "splitByTier",
          "label": "false"
        }
      ],
      "children": null
    },
    {
      "id": 24,
      "type": "slider",
      "multiple": false,
      "displayName": "Medical Individual + 1 (Spouse) Deductible",
      "attributeType": "A",
      "placeholder": "Medical Individual + 1 (Spouse) Deductible",
      "nameId": "medicalIndividualPlusSpouseDeductible",
      "modifiable": true,
      "requiredField": false,
      "parentId": "applicableCoverageTiers",
      "options": [
        {
          "optionNameId": "splitByTier",
          "label": "true"
        }
      ],
      "children": null
    },
    {
      "id": 25,
      "type": "slider",
      "multiple": false,
      "displayName": "Medical Individual + Dependents Max. Out of Pocket",
      "attributeType": "A",
      "placeholder": "Medical Individual + Dependents Max. Out of Pocket",
      "nameId": "medicalIndividualPlusDependentsMoop",
      "modifiable": true,
      "requiredField": false,
      "parentId": "applicableCoverageTiers",
      "options": [
        {
          "optionNameId": "splitByTier",
          "label": "false"
        }
      ],
      "children": null
    },
    {
      "id": 26,
      "type": "slider",
      "multiple": false,
      "displayName": "Medical Individual + Dependents Secondary Max. Out of Pocket",
      "attributeType": "A",
      "placeholder": "Medical Individual + Dependents Secondary Max. Out of Pocket",
      "nameId": "medicalIndividualPlusDependentsSecondaryMoop",
      "modifiable": true,
      "requiredField": false,
      "parentId": "applicableCoverageTiers",
      "options": [
        {
          "optionNameId": "splitByTier",
          "label": "false"
        }
      ],
      "children": null
    },
    {
      "id": 27,
      "type": "slider",
      "multiple": false,
      "displayName": "Medical Individual + Dependents Deductible",
      "attributeType": "A",
      "placeholder": "Medical Individual + Dependents Deductible",
      "nameId": "medicalIndividualPlusDependentsDeductible",
      "modifiable": true,
      "requiredField": false,
      "parentId": "applicableCoverageTiers",
      "options": [
        {
          "optionNameId": "splitByTier",
          "label": "true"
        }
      ],
      "children": null
    },
    {
      "id": 28,
      "type": "slider",
      "multiple": false,
      "displayName": "Medical Family Max. Out of Pocket",
      "attributeType": "A",
      "placeholder": "Medical Family Max. Out of Pocket",
      "nameId": "medicalFamilyMoop",
      "modifiable": true,
      "requiredField": false,
      "parentId": "applicableCoverageTiers",
      "options": [
        {
          "optionNameId": "splitByTier",
          "label": "false"
        }
      ],
      "children": null
    },
    {
      "id": 29,
      "type": "slider",
      "multiple": false,
      "displayName": "Medical Family Secondary Max. Out of Pocket",
      "attributeType": "A",
      "placeholder": "Medical Family Secondary Max. Out of Pocket",
      "nameId": "medicalFamilySecondaryMoop",
      "modifiable": true,
      "requiredField": false,
      "parentId": "applicableCoverageTiers",
      "options": [
        {
          "optionNameId": "splitByTier",
          "label": "false"
        }
      ],
      "children": null
    },
    {
      "id": 30,
      "type": "slider",
      "multiple": false,
      "displayName": "Medical Family Deductible",
      "attributeType": "A",
      "placeholder": "Medical Family Deductible",
      "nameId": "medicalFamilyDeductible",
      "modifiable": true,
      "requiredField": false,
      "parentId": "applicableCoverageTiers",
      "options": [
        {
          "optionNameId": "splitByTier",
          "label": "true"
        }
      ],
      "children": null
    },
    {
      "id": 31,
      "type": "textInput",
      "multiple": false,
      "displayName": "Medical Annual Deductible Limits and Exceptions",
      "attributeType": "A",
      "placeholder": "Medical Annual Deductible Limits and Exceptions",
      "nameId": "medicalAnnualDeductibleLimitsAndExceptions",
      "modifiable": true,
      "requiredField": false,
      "parentId": "",
      "options": [],
      "children": null
    },
    {
      "id": 32,
      "type": "textInput",
      "multiple": false,
      "displayName": "Medical Annual Max. Out of Pocket Limits and Exceptions",
      "attributeType": "A",
      "placeholder": "Medical Annual Max. Out of Pocket Limits and Exceptions",
      "nameId": "medicalAnnualMoopLimitsAndExceptions",
      "modifiable": true,
      "requiredField": false,
      "parentId": "",
      "options": [],
      "children": null
    },
    {
      "id": 33,
      "type": "textInput",
      "multiple": false,
      "displayName": "Medical Annual Secondary Max. Out of Pocket Limits and Exceptions",
      "attributeType": "A",
      "placeholder": "Medical Annual Secondary Max. Out of Pocket Limits and Exceptions",
      "nameId": "medicalAnnualSecondaryMoopLimitsAndExceptions",
      "modifiable": true,
      "requiredField": false,
      "parentId": "",
      "options": [],
      "children": null
    },
    {
      "id": 34,
      "type": "checkbox",
      "multiple": true,
      "displayName": "Medical Deductible Accumulation Types",
      "attributeType": "A",
      "placeholder": "Medical Deductible Accumulation Types",
      "nameId": "medicalDeductibleAccumulationTypes",
      "modifiable": true,
      "requiredField": false,
      "parentId": "",
      "options": [
        {
          "optionNameId": "embedded",
          "label": "Embedded"
        },
        {
          "optionNameId": "aggregate",
          "label": "Aggregate"
        }],
      "children": null
    },
    {
      "id": 35,
      "type": "slider",
      "multiple": false,
      "displayName": "Pharmacy Individual Max. Out of Pocket",
      "attributeType": "A",
      "placeholder": "Pharmacy Individual Max. Out of Pocket",
      "nameId": "pharmacyIndividualMoop",
      "modifiable": true,
      "requiredField": false,
      "parentId": "applicableCoverageTiers",
      "options": [
        {
          "optionNameId": "splitByTier",
          "label": "false"
        }
      ],
      "children": null
    },
    {
      "id": 36,
      "type": "slider",
      "multiple": false,
      "displayName": "Pharmacy Individual Secondary Max. Out of Pocket",
      "attributeType": "A",
      "placeholder": "Pharmacy Individual Secondary Max. Out of Pocket",
      "nameId": "pharmacyIndividualSecondaryMoop",
      "modifiable": true,
      "requiredField": false,
      "parentId": "applicableCoverageTiers",
      "options": [
        {
          "optionNameId": "splitByTier",
          "label": "false"
        }
      ],
      "children": null
    },
    {
      "id": 37,
      "type": "slider",
      "multiple": false,
      "displayName": "Pharmacy Individual Deductible",
      "attributeType": "A",
      "placeholder": "Pharmacy Individual Deductible",
      "nameId": "pharmacyIndividualDeductible",
      "modifiable": true,
      "requiredField": false,
      "parentId": "applicableCoverageTiers",
      "options": [
        {
          "optionNameId": "splitByTier",
          "label": "true"
        }
      ],
      "children": null
    },
    {
      "id": 38,
      "type": "slider",
      "multiple": false,
      "displayName": "Pharmacy Individual + 1 (Spouse) Max. Out of Pocket",
      "attributeType": "A",
      "placeholder": "Pharmacy Individual + 1 (Spouse) Max. Out of Pocket",
      "nameId": "pharmacyIndividualPlusSpouseMoop",
      "modifiable": true,
      "requiredField": false,
      "parentId": "applicableCoverageTiers",
      "options": [
        {
          "optionNameId": "splitByTier",
          "label": "false"
        }
      ],
      "children": null
    },
    {
      "id": 39,
      "type": "slider",
      "multiple": false,
      "displayName": "Pharmacy Individual + 1 (Spouse) Secondary Max. Out of Pocket",
      "attributeType": "A",
      "placeholder": "Pharmacy Individual + 1 (Spouse) Secondary Max. Out of Pocket",
      "nameId": "pharmacyIndividualPlusSpouseSecondaryMoop",
      "modifiable": true,
      "requiredField": false,
      "parentId": "applicableCoverageTiers",
      "options": [
        {
          "optionNameId": "splitByTier",
          "label": "false"
        }
      ],
      "children": null
    },
    {
      "id": 40,
      "type": "slider",
      "multiple": false,
      "displayName": "Pharmacy Individual + 1 (Spouse) Deductible",
      "attributeType": "A",
      "placeholder": "Pharmacy Individual + 1 (Spouse) Deductible",
      "nameId": "pharmacyIndividualPlusSpouseDeductible",
      "modifiable": true,
      "requiredField": false,
      "parentId": "applicableCoverageTiers",
      "options": [
        {
          "optionNameId": "splitByTier",
          "label": "true"
        }
      ],
      "children": null
    },
    {
      "id": 41,
      "type": "slider",
      "multiple": false,
      "displayName": "Pharmacy Individual + Dependents Max. Out of Pocket",
      "attributeType": "A",
      "placeholder": "Pharmacy Individual + Dependents Max. Out of Pocket",
      "nameId": "pharmacyIndividualPlusDependentsMoop",
      "modifiable": true,
      "requiredField": false,
      "parentId": "applicableCoverageTiers",
      "options": [
        {
          "optionNameId": "splitByTier",
          "label": "false"
        }
      ],
      "children": null
    },
    {
      "id": 42,
      "type": "slider",
      "multiple": false,
      "displayName": "Pharmacy Individual + Dependents Secondary Max. Out of Pocket",
      "attributeType": "A",
      "placeholder": "PharmacyIndividual + Dependents Secondary Max. Out of Pocket",
      "nameId": "pharmacyIndividualPlusDependentsSecondaryMoop",
      "modifiable": true,
      "requiredField": false,
      "parentId": "applicableCoverageTiers",
      "options": [
        {
          "optionNameId": "splitByTier",
          "label": "false"
        }
      ],
      "children": null
    },
    {
      "id": 43,
      "type": "slider",
      "multiple": false,
      "displayName": "Pharmacy Individual + Dependents Deductible",
      "attributeType": "A",
      "placeholder": "Pharmacy Individual + Dependents Deductible",
      "nameId": "pharmacyIndividualPlusDependentsDeductible",
      "modifiable": true,
      "requiredField": false,
      "parentId": "applicableCoverageTiers",
      "options": [
        {
          "optionNameId": "splitByTier",
          "label": "true"
        }
      ],
      "children": null
    },
    {
      "id": 44,
      "type": "slider",
      "multiple": false,
      "displayName": "Pharmacy Family Max. Out of Pocket",
      "attributeType": "A",
      "placeholder": "PharmacyFamily Max. Out of Pocket",
      "nameId": "pharmacyFamilyMoop",
      "modifiable": true,
      "requiredField": false,
      "parentId": "applicableCoverageTiers",
      "options": [
        {
          "optionNameId": "splitByTier",
          "label": "false"
        }
      ],
      "children": null
    },
    {
      "id": 45,
      "type": "slider",
      "multiple": false,
      "displayName": "Pharmacy Family Secondary Max. Out of Pocket",
      "attributeType": "A",
      "placeholder": "Pharmacy Family Secondary Max. Out of Pocket",
      "nameId": "pharmacyFamilySecondaryMoop",
      "modifiable": true,
      "requiredField": false,
      "parentId": "applicableCoverageTiers",
      "options": [
        {
          "optionNameId": "splitByTier",
          "label": "false"
        }
      ],
      "children": null
    },
    {
      "id": 46,
      "type": "slider",
      "multiple": false,
      "displayName": "Pharmacy Family Deductible",
      "attributeType": "A",
      "placeholder": "Pharmacy Family Deductible",
      "nameId": "pharmacyFamilyDeductible",
      "modifiable": true,
      "requiredField": false,
      "parentId": "applicableCoverageTiers",
      "options": [
        {
          "optionNameId": "splitByTier",
          "label": "true"
        }
      ],
      "children": null
    },
    {
      "id": 47,
      "type": "textInput",
      "multiple": false,
      "displayName": "Pharmacy Annual Deductible Limits and Exceptions",
      "attributeType": "A",
      "placeholder": "Pharmacy Annual Deductible Limits and Exceptions",
      "nameId": "pharmacyAnnualDeductibleLimitsAndExceptions",
      "modifiable": true,
      "requiredField": false,
      "parentId": "",
      "options": [],
      "children": null
    },
    {
      "id": 48,
      "type": "textInput",
      "multiple": false,
      "displayName": "Pharmacy Annual Max. Out of Pocket Limits and Exceptions",
      "attributeType": "A",
      "placeholder": "Pharmacy Annual Max. Out of Pocket Limits and Exceptions",
      "nameId": "pharmacyAnnualMoopLimitsAndExceptions",
      "modifiable": true,
      "requiredField": false,
      "parentId": "",
      "options": [],
      "children": null
    },
    {
      "id": 49,
      "type": "textInput",
      "multiple": false,
      "displayName": "Pharmacy Annual Secondary Max. Out of Pocket Limits and Exceptions",
      "attributeType": "A",
      "placeholder": "Pharmacy Annual Secondary Max. Out of Pocket Limits and Exceptions",
      "nameId": "pharmacyAnnualSecondaryMoopLimitsAndExceptions",
      "modifiable": true,
      "requiredField": false,
      "parentId": "",
      "options": [],
      "children": null
    },
    {
      "id": 50,
      "type": "checkbox",
      "multiple": true,
      "displayName": "Pharmacy Deductible Accumulation Types",
      "attributeType": "A",
      "placeholder": "Pharmacy Deductible Accumulation Types",
      "nameId": "pharmacyDeductibleAccumulationTypes",
      "modifiable": true,
      "requiredField": false,
      "parentId": "",
      "options": [
        {
          "optionNameId": "embedded",
          "label": "Embedded"
        },
        {
          "optionNameId": "aggregate",
          "label": "Aggregate"
        }],
      "children": null
    },
    {
      "id": 51,
      "type": "slider",
      "multiple": false,
      "displayName": "Vision Individual Max. Out of Pocket",
      "attributeType": "A",
      "placeholder": "Vision Individual Max. Out of Pocket",
      "nameId": "visionIndividualMoop",
      "modifiable": true,
      "requiredField": false,
      "parentId": "applicableCoverageTiers",
      "options": [
        {
          "optionNameId": "splitByTier",
          "label": "false"
        }
      ],
      "children": null
    },
    {
      "id": 52,
      "type": "slider",
      "multiple": false,
      "displayName": "Vision Individual Secondary Max. Out of Pocket",
      "attributeType": "A",
      "placeholder": "Vision Individual Secondary Max. Out of Pocket",
      "nameId": "visionIndividualSecondaryMoop",
      "modifiable": true,
      "requiredField": false,
      "parentId": "applicableCoverageTiers",
      "options": [
        {
          "optionNameId": "splitByTier",
          "label": "false"
        }
      ],
      "children": null
    },
    {
      "id": 53,
      "type": "slider",
      "multiple": false,
      "displayName": "Vision Individual Deductible",
      "attributeType": "A",
      "placeholder": "Vision Individual Deductible",
      "nameId": "visionIndividualDeductible",
      "modifiable": true,
      "requiredField": false,
      "parentId": "applicableCoverageTiers",
      "options": [
        {
          "optionNameId": "splitByTier",
          "label": "true"
        }
      ],
      "children": null
    },
    {
      "id": 54,
      "type": "slider",
      "multiple": false,
      "displayName": "Vision Individual + 1 (Spouse) Max. Out of Pocket",
      "attributeType": "A",
      "placeholder": "Vision Individual + 1 (Spouse) Max. Out of Pocket",
      "nameId": "visionIndividualPlusSpouseMoop",
      "modifiable": true,
      "requiredField": false,
      "parentId": "applicableCoverageTiers",
      "options": [
        {
          "optionNameId": "splitByTier",
          "label": "false"
        }
      ],
      "children": null
    },
    {
      "id": 55,
      "type": "slider",
      "multiple": false,
      "displayName": "Vision Individual + 1 (Spouse) Secondary Max. Out of Pocket",
      "attributeType": "A",
      "placeholder": "Vision Individual + 1 (Spouse) Secondary Max. Out of Pocket",
      "nameId": "visionIndividualPlusSpouseSecondaryMoop",
      "modifiable": true,
      "requiredField": false,
      "parentId": "applicableCoverageTiers",
      "options": [
        {
          "optionNameId": "splitByTier",
          "label": "false"
        }
      ],
      "children": null
    },
    {
      "id": 56,
      "type": "slider",
      "multiple": false,
      "displayName": "Vision Individual + 1 (Spouse) Deductible",
      "attributeType": "A",
      "placeholder": "Vision Individual + 1 (Spouse) Deductible",
      "nameId": "visionIndividualPlusSpouseDeductible",
      "modifiable": true,
      "requiredField": false,
      "parentId": "applicableCoverageTiers",
      "options": [
        {
          "optionNameId": "splitByTier",
          "label": "true"
        }
      ],
      "children": null
    },
    {
      "id": 57,
      "type": "slider",
      "multiple": false,
      "displayName": "Vision Individual + Dependents Max. Out of Pocket",
      "attributeType": "A",
      "placeholder": "Vision Individual + Dependents Max. Out of Pocket",
      "nameId": "visionIndividualPlusDependentsMoop",
      "modifiable": true,
      "requiredField": false,
      "parentId": "applicableCoverageTiers",
      "options": [
        {
          "optionNameId": "splitByTier",
          "label": "false"
        }
      ],
      "children": null
    },
    {
      "id": 58,
      "type": "slider",
      "multiple": false,
      "displayName": "Vision Individual + Dependents Secondary Max. Out of Pocket",
      "attributeType": "A",
      "placeholder": "VisionIndividual + Dependents Secondary Max. Out of Pocket",
      "nameId": "visionIndividualPlusDependentsSecondaryMoop",
      "modifiable": true,
      "requiredField": false,
      "parentId": "applicableCoverageTiers",
      "options": [
        {
          "optionNameId": "splitByTier",
          "label": "false"
        }
      ],
      "children": null
    },
    {
      "id": 59,
      "type": "slider",
      "multiple": false,
      "displayName": "Vision Individual + Dependents Deductible",
      "attributeType": "A",
      "placeholder": "Vision Individual + Dependents Deductible",
      "nameId": "visionIndividualPlusDependentsDeductible",
      "modifiable": true,
      "requiredField": false,
      "parentId": "applicableCoverageTiers",
      "options": [
        {
          "optionNameId": "splitByTier",
          "label": "true"
        }
      ],
      "children": null
    },
    {
      "id": 60,
      "type": "slider",
      "multiple": false,
      "displayName": "Vision Family Max. Out of Pocket",
      "attributeType": "A",
      "placeholder": "VisionFamily Max. Out of Pocket",
      "nameId": "visionFamilyMoop",
      "modifiable": true,
      "requiredField": false,
      "parentId": "applicableCoverageTiers",
      "options": [
        {
          "optionNameId": "splitByTier",
          "label": "false"
        }
      ],
      "children": null
    },
    {
      "id": 61,
      "type": "slider",
      "multiple": false,
      "displayName": "Vision Family Secondary Max. Out of Pocket",
      "attributeType": "A",
      "placeholder": "Vision Family Secondary Max. Out of Pocket",
      "nameId": "visionFamilySecondaryMoop",
      "modifiable": true,
      "requiredField": false,
      "parentId": "applicableCoverageTiers",
      "options": [
        {
          "optionNameId": "splitByTier",
          "label": "false"
        }
      ],
      "children": null
    },
    {
      "id": 62,
      "type": "slider",
      "multiple": false,
      "displayName": "Vision Family Deductible",
      "attributeType": "A",
      "placeholder": "Vision Family Deductible",
      "nameId": "visionFamilyDeductible",
      "modifiable": true,
      "requiredField": false,
      "parentId": "applicableCoverageTiers",
      "options": [
        {
          "optionNameId": "splitByTier",
          "label": "true"
        }
      ],
      "children": null
    },
    {
      "id": 63,
      "type": "textInput",
      "multiple": false,
      "displayName": "Vision Annual Deductible Limits and Exceptions",
      "attributeType": "A",
      "placeholder": "Vision Annual Deductible Limits and Exceptions",
      "nameId": "visionAnnualDeductibleLimitsAndExceptions",
      "modifiable": true,
      "requiredField": false,
      "parentId": "",
      "options": [],
      "children": null
    },
    {
      "id": 64,
      "type": "textInput",
      "multiple": false,
      "displayName": "Vision Annual Max. Out of Pocket Limits and Exceptions",
      "attributeType": "A",
      "placeholder": "Vision Annual Max. Out of Pocket Limits and Exceptions",
      "nameId": "visionAnnualMoopLimitsAndExceptions",
      "modifiable": true,
      "requiredField": false,
      "parentId": "",
      "options": [],
      "children": null
    },
    {
      "id": 65,
      "type": "textInput",
      "multiple": false,
      "displayName": "Vision Annual Secondary Max. Out of Pocket Limits and Exceptions",
      "attributeType": "A",
      "placeholder": "Vision Annual Secondary Max. Out of Pocket Limits and Exceptions",
      "nameId": "visionAnnualSecondaryMoopLimitsAndExceptions",
      "modifiable": true,
      "requiredField": false,
      "parentId": "",
      "options": [],
      "children": null
    },
    {
      "id": 66,
      "type": "checkbox",
      "multiple": true,
      "displayName": "Vision Deductible Accumulation Types",
      "attributeType": "A",
      "placeholder": "Vision Deductible Accumulation Types",
      "nameId": "visionDeductibleAccumulationTypes",
      "modifiable": true,
      "requiredField": false,
      "parentId": "",
      "options": [
        {
          "optionNameId": "embedded",
          "label": "Embedded"
        },
        {
          "optionNameId": "aggregate",
          "label": "Aggregate"
        }],
      "children": null
    },
    {
      "id": 67,
      "type": "slider",
      "multiple": false,
      "displayName": "Dental Individual Max. Out of Pocket",
      "attributeType": "A",
      "placeholder": "Dental Individual Max. Out of Pocket",
      "nameId": "dentalIndividualMoop",
      "modifiable": true,
      "requiredField": false,
      "parentId": "applicableCoverageTiers",
      "options": [
        {
          "optionNameId": "splitByTier",
          "label": "false"
        }
      ],
      "children": null
    },
    {
      "id": 68,
      "type": "slider",
      "multiple": false,
      "displayName": "Dental Individual Secondary Max. Out of Pocket",
      "attributeType": "A",
      "placeholder": "Dental Individual Secondary Max. Out of Pocket",
      "nameId": "dentalIndividualSecondaryMoop",
      "modifiable": true,
      "requiredField": false,
      "parentId": "applicableCoverageTiers",
      "options": [
        {
          "optionNameId": "splitByTier",
          "label": "false"
        }
      ],
      "children": null
    },
    {
      "id": 69,
      "type": "slider",
      "multiple": false,
      "displayName": "Dental Individual Deductible",
      "attributeType": "A",
      "placeholder": "Dental Individual Deductible",
      "nameId": "dentalIndividualDeductible",
      "modifiable": true,
      "requiredField": false,
      "parentId": "applicableCoverageTiers",
      "options": [
        {
          "optionNameId": "splitByTier",
          "label": "true"
        }
      ],
      "children": null
    },
    {
      "id": 70,
      "type": "slider",
      "multiple": false,
      "displayName": "Dental Individual + 1 (Spouse) Max. Out of Pocket",
      "attributeType": "A",
      "placeholder": "Dental Individual + 1 (Spouse) Max. Out of Pocket",
      "nameId": "dentalIndividualPlusSpouseMoop",
      "modifiable": true,
      "requiredField": false,
      "parentId": "applicableCoverageTiers",
      "options": [
        {
          "optionNameId": "splitByTier",
          "label": "false"
        }
      ],
      "children": null
    },
    {
      "id": 71,
      "type": "slider",
      "multiple": false,
      "displayName": "Dental Individual + 1 (Spouse) Secondary Max. Out of Pocket",
      "attributeType": "A",
      "placeholder": "Dental Individual + 1 (Spouse) Secondary Max. Out of Pocket",
      "nameId": "dentalIndividualPlusSpouseSecondaryMoop",
      "modifiable": true,
      "requiredField": false,
      "parentId": "applicableCoverageTiers",
      "options": [
        {
          "optionNameId": "splitByTier",
          "label": "false"
        }
      ],
      "children": null
    },
    {
      "id": 72,
      "type": "slider",
      "multiple": false,
      "displayName": "Dental Individual + 1 (Spouse) Deductible",
      "attributeType": "A",
      "placeholder": "Dental Individual + 1 (Spouse) Deductible",
      "nameId": "dentalIndividualPlusSpouseDeductible",
      "modifiable": true,
      "requiredField": false,
      "parentId": "applicableCoverageTiers",
      "options": [
        {
          "optionNameId": "splitByTier",
          "label": "true"
        }
      ],
      "children": null
    },
    {
      "id": 73,
      "type": "slider",
      "multiple": false,
      "displayName": "Dental Individual + Dependents Max. Out of Pocket",
      "attributeType": "A",
      "placeholder": "Dental Individual + Dependents Max. Out of Pocket",
      "nameId": "dentalIndividualPlusDependentsMoop",
      "modifiable": true,
      "requiredField": false,
      "parentId": "applicableCoverageTiers",
      "options": [
        {
          "optionNameId": "splitByTier",
          "label": "false"
        }
      ],
      "children": null
    },
    {
      "id": 74,
      "type": "slider",
      "multiple": false,
      "displayName": "Dental Individual + Dependents Secondary Max. Out of Pocket",
      "attributeType": "A",
      "placeholder": "DentalIndividual + Dependents Secondary Max. Out of Pocket",
      "nameId": "dentalIndividualPlusDependentsSecondaryMoop",
      "modifiable": true,
      "requiredField": false,
      "parentId": "applicableCoverageTiers",
      "options": [
        {
          "optionNameId": "splitByTier",
          "label": "false"
        }
      ],
      "children": null
    },
    {
      "id": 75,
      "type": "slider",
      "multiple": false,
      "displayName": "Dental Individual + Dependents Deductible",
      "attributeType": "A",
      "placeholder": "Dental Individual + Dependents Deductible",
      "nameId": "dentalIndividualPlusDependentsDeductible",
      "modifiable": true,
      "requiredField": false,
      "parentId": "applicableCoverageTiers",
      "options": [
        {
          "optionNameId": "splitByTier",
          "label": "true"
        }
      ],
      "children": null
    },
    {
      "id": 76,
      "type": "slider",
      "multiple": false,
      "displayName": "Dental Family Max. Out of Pocket",
      "attributeType": "A",
      "placeholder": "DentalFamily Max. Out of Pocket",
      "nameId": "dentalFamilyMoop",
      "modifiable": true,
      "requiredField": false,
      "parentId": "applicableCoverageTiers",
      "options": [
        {
          "optionNameId": "splitByTier",
          "label": "false"
        }
      ],
      "children": null
    },
    {
      "id": 77,
      "type": "slider",
      "multiple": false,
      "displayName": "Dental Family Secondary Max. Out of Pocket",
      "attributeType": "A",
      "placeholder": "Dental Family Secondary Max. Out of Pocket",
      "nameId": "dentalFamilySecondaryMoop",
      "modifiable": true,
      "requiredField": false,
      "parentId": "applicableCoverageTiers",
      "options": [
        {
          "optionNameId": "splitByTier",
          "label": "false"
        }
      ],
      "children": null
    },
    {
      "id": 78,
      "type": "slider",
      "multiple": false,
      "displayName": "Dental Family Deductible",
      "attributeType": "A",
      "placeholder": "Dental Family Deductible",
      "nameId": "dentalFamilyDeductible",
      "modifiable": true,
      "requiredField": false,
      "parentId": "applicableCoverageTiers",
      "options": [
        {
          "optionNameId": "splitByTier",
          "label": "true"
        }
      ],
      "children": null
    },
    {
      "id": 79,
      "type": "textInput",
      "multiple": false,
      "displayName": "Dental Annual Deductible Limits and Exceptions",
      "attributeType": "A",
      "placeholder": "Dental Annual Deductible Limits and Exceptions",
      "nameId": "dentalAnnualDeductibleLimitsAndExceptions",
      "modifiable": true,
      "requiredField": false,
      "parentId": "",
      "options": [],
      "children": null
    },
    {
      "id": 80,
      "type": "textInput",
      "multiple": false,
      "displayName": "Dental Annual Max. Out of Pocket Limits and Exceptions",
      "attributeType": "A",
      "placeholder": "Dental Annual Max. Out of Pocket Limits and Exceptions",
      "nameId": "dentalAnnualMoopLimitsAndExceptions",
      "modifiable": true,
      "requiredField": false,
      "parentId": "",
      "options": [],
      "children": null
    },
    {
      "id": 81,
      "type": "textInput",
      "multiple": false,
      "displayName": "Dental Annual Secondary Max. Out of Pocket Limits and Exceptions",
      "attributeType": "A",
      "placeholder": "Dental Annual Secondary Max. Out of Pocket Limits and Exceptions",
      "nameId": "dentalAnnualSecondaryMoopLimitsAndExceptions",
      "modifiable": true,
      "requiredField": false,
      "parentId": "",
      "options": [],
      "children": null
    },
    {
      "id": 82,
      "type": "checkbox",
      "multiple": true,
      "displayName": "Dental Deductible Accumulation Types",
      "attributeType": "A",
      "placeholder": "Dental Deductible Accumulation Types",
      "nameId": "dentalDeductibleAccumulationTypes",
      "modifiable": true,
      "requiredField": false,
      "parentId": "",
      "options": [
        {
          "optionNameId": "embedded",
          "label": "Embedded"
        },
        {
          "optionNameId": "aggregate",
          "label": "Aggregate"
        }],
      "children": null
    },
    {
      "id": 85,
      "type": "radioButton",
      "multiple": false,
      "displayName": "Deductibles For Specific Services?",
      "attributeType": "A",
      "placeholder": "Deductibles For Specific Services?",
      "nameId": "isDeductiblesForSpecificServices",
      "modifiable": true,
      "requiredField": false,
      "parentId": "",
      "options": [
        {
          "optionNameId": "yes",
          "label": "Yes"
        },
        {
          "optionNameId": "no",
          "label": "No"
        }],
      "children": null
    },
    {
      "id": 86,
      "type": "radioButton",
      "multiple": false,
      "displayName": "Specialist Referral Required?",
      "attributeType": "A",
      "placeholder": "Specialist Referral Required?",
      "nameId": "isSpecialistReferralRequired",
      "modifiable": true,
      "requiredField": false,
      "parentId": "",
      "options": [
        {
          "optionNameId": "yes",
          "label": "Yes"
        },
        {
          "optionNameId": "no",
          "label": "No"
        }
      ],
      "children": null
    },
    {
      "id": 87,
      "type": "textInput",
      "multiple": false,
      "displayName": "SBC Disclaimer Website",
      "attributeType": "A",
      "placeholder": "SBC Disclaimer Website",
      "nameId": "sbcDisclaimerWebsite",
      "modifiable": true,
      "requiredField": false,
      "parentId": "",
      "options": [],
      "children": null
    },
    {
      "id": 88,
      "type": "textInput",
      "multiple": false,
      "displayName": "Website",
      "attributeType": "A",
      "placeholder": "Website",
      "nameId": "website",
      "modifiable": true,
      "requiredField": false,
      "parentId": "",
      "options": [],
      "children": null
    },
    {
      "id": 89,
      "type": "textInput",
      "multiple": false,
      "displayName": "Glossary Website",
      "attributeType": "A",
      "placeholder": "Glossary Website",
      "nameId": "glossaryWebsite",
      "modifiable": true,
      "requiredField": false,
      "parentId": "",
      "options": [],
      "children": null
    },
    {
      "id": 90,
      "type": "textInput",
      "multiple": false,
      "displayName": "Phone Number",
      "attributeType": "A",
      "placeholder": "Phone Number",
      "nameId": "phoneNumber",
      "modifiable": true,
      "requiredField": false,
      "parentId": "",
      "options": [],
      "children": null
    },
    {
      "id": 91,
      "type": "textInput",
      "multiple": false,
      "displayName": "Glossary Phone Number",
      "attributeType": "A",
      "placeholder": "Glossary Phone Number",
      "nameId": "glossaryPhoneNumber",
      "modifiable": true,
      "requiredField": false,
      "parentId": "",
      "options": [],
      "children": null
    },
    {
      "id": 92,
      "type": "dateRange",
      "multiple": true,
      "displayName": "Effective Date",
      "attributeType": "A",
      "placeholder": "Effective Date",
      "nameId": "effectiveDates",
      "modifiable": true,
      "requiredField": true,
      "parentId": "",
      "options": [
        {
          "optionNameId": "effectiveDate",
          "label": "Start Date"
        },
        {
          "optionNameId": "endDate",
          "label": "End Date"
        }
      ],
      "children": null
    },
    {
      "id": 93,
      "type": "textInput",
      "multiple": false,
      "displayName": "Product Name",
      "attributeType": "A",
      "placeholder": "Product Name",
      "nameId": "name",
      "modifiable": true,
      "requiredField": true,
      "parentId": "",
      "options": [

      ],
      "children": null
    }
  ],
  "error": false,
  "message": ""
}
