{
   "optionsMetaData": {
      "subCategory": {
         "outPatient": [{
            "optionNameId": "facility",
            "label": "Facility"
         }],
         "officeVisit": [{
            "optionNameId": "subCategoryB",
            "label": "Sub Category B"
         }],
         "er": [{
            "optionNameId": "subCategoryA",
            "label": "Sub Category A"
         }],
         "inPatient": [{
            "optionNameId": "pcp",
            "label": "PCP"
         }, {
            "optionNameId": "physician",
            "label": "Physician"
         }]
      },
      "productTypes": {
         "vision": [{
            "optionNameId": "fsa",
            "label": "FSA"
         }],
         "medical": [{
            "optionNameId": "hmo",
            "label": "HMO"
         }, {
            "optionNameId": "ppo",
            "label": "PPO"
         }],
         "dental": [{
            "optionNameId": "pos",
            "label": "POS"
         }, {
            "optionNameId": "hsa",
            "label": "HSA"
         }],
         "pharmacy": [{
            "optionNameId": "cdhpHsa",
            "label": "CDHP & HSA"
         }]
      }
   },
   "error": false,
   "message": "",
   "fieldsMetaData": [{
      "id": 1,
      "type": "tree",
      "multiple": true,
      "displayName": "Used In",
      "attributeType": "A",
      "attributeName": "UsedIn",
      "zIndex": 1,
      "placeholder": "Used In",
      "cmisName": "hr:usedIn",
      "nameId": "usedIn",
      "modifiable": false,
      "requiredField": false,
      "parentId": "",
      "options": [],
      "children": [{
         "id": 11,
         "type": "checkbox",
         "multiple": true,
         "displayName": "Product",
         "attributeType": "A",
         "attributeName": "Product",
         "zIndex": 11,
         "placeholder": "Product",
         "cmisName": "hr:productClasses",
         "nameId": "productClasses",
         "modifiable": false,
         "requiredField": true,
         "parentId": "",
         "options": [{
            "optionNameId": "medical",
            "label": "Medical"
         }, {
            "optionNameId": "dental",
            "label": "Dental"
         }, {
            "optionNameId": "vision",
            "label": "Vision"
         }, {
            "optionNameId": "pharmacy",
            "label": "Pharmacy"
         }, {
            "optionNameId": "all",
            "label": "All"
         }],
         "children": null
      }, {
         "id": 12,
         "type": "checkbox",
         "multiple": true,
         "displayName": "Product Type",
         "attributeType": "A",
         "attributeName": "Product Type",
         "zIndex": 12,
         "placeholder": "Product Type",
         "cmisName": "hr:productTypes",
         "nameId": "productTypes",
         "modifiable": false,
         "requiredField": true,
         "parentId": "productClasses",
         "options": [],
         "children": null
      }, {
         "id": 13,
         "type": "checkbox",
         "multiple": true,
         "displayName": "Market Segment",
         "attributeType": "A",
         "attributeName": "Market Segment",
         "zIndex": 13,
         "placeholder": "Market Segment",
         "cmisName": "hr:marketSegments",
         "nameId": "marketSegments",
         "modifiable": false,
         "requiredField": false,
         "parentId": "",
         "options": [{
            "optionNameId": "small",
            "label": "Small (1-50)"
         }, {
            "optionNameId": "medium",
            "label": "Medium (51-100)"
         }, {
            "optionNameId": "large",
            "label": "Large (101-150)"
         }],
         "children": null
      }]
   }, {
      "id": 2,
      "type": "radio",
      "multiple": false,
      "displayName": "Service Category",
      "attributeType": "A",
      "attributeName": "Service Category",
      "zIndex": 2,
      "placeholder": "Service Category",
      "cmisName": "hr:category",
      "nameId": "category",
      "modifiable": false,
      "requiredField": true,
      "parentId": "",
      "options": [{
         "optionNameId": "inPatient",
         "label": "In Patient"
      }, {
         "optionNameId": "outPatient",
         "label": "Out Patient"
      }, {
         "optionNameId": "er",
         "label": "ER"
      }, {
         "optionNameId": "officeVisit",
         "label": "Office Visit"
      }],
      "children": null
   }, {
      "id": 3,
      "type": "radio",
      "multiple": false,
      "displayName": "Service Sub-Category",
      "attributeType": "A",
      "attributeName": "Service Sub-Category",
      "zIndex": 3,
      "placeholder": "Service Sub-Category",
      "cmisName": "hr:subCategory",
      "nameId": "subCategory",
      "modifiable": false,
      "requiredField": true,
      "parentId": "category",
      "options": [],
      "children": null
   }, {
      "id": 4,
      "type": "radio",
      "multiple": false,
      "displayName": "Service Level",
      "attributeType": "A",
      "attributeName": "Service Level",
      "zIndex": 4,
      "placeholder": "Service Level",
      "cmisName": "hr:level",
      "nameId": "level",
      "modifiable": false,
      "requiredField": false,
      "parentId": "",
      "options": [{
         "optionNameId": "preventative",
         "label": "Preventative"
      }, {
         "optionNameId": "diagnostic",
         "label": "Diagnostic"
      }, {
         "optionNameId": "maternity",
         "label": "Maternity"
      }, {
         "optionNameId": "urgentCare",
         "label": "Urgent Care"
      }],
      "children": null
   }, {
      "id": 5,
      "type": "dateRange",
      "multiple": true,
      "displayName": "Effective Date",
      "attributeType": "A",
      "attributeName": "Effective Date",
      "zIndex": 5,
      "placeholder": "Effective Date",
      "cmisName": "hr:effectiveDate",
      "nameId": "effectiveDates",
      "modifiable": false,
      "requiredField": true,
      "parentId": "",
      "options": [{
         "optionNameId": "effectiveDate",
         "label": "Effective Date"
      }, {
         "optionNameId": "endDate",
         "label": "End Date"
      }],
      "children": null
   }]
}