[{
    "objectId": "f0d4cfcd-395a-4291-a910-9be1ea48c500;1.1",
    "element1": "quickview",
    "serviceName": "HMO Large Jan0120161428617094105-001",
    "effectiveDates": {
        "effectiveDate": "2015-04-23",
        "endDate": "2016-04-23"
    },
    "serviceStatus": "Draft",
    "productClasses": [
        "Medical"
    ],
    "costShare": {
        "deductible": [{
            "value": 20,
            "valueType": "I"
        }, {
            "value": 500,
            "valueType": "F"
        }],
        "copay": [{
            "value": 45,
            "valueType": "I"
        }, {
            "value": 80,
            "valueType": "F"
        }],
        "moop": [{
            "value": 40,
            "valueType": "I"
        }, {
            "value": 100,
            "valueType": "F"
        }]
    },
    "isServiceCovered": true,

    "productTypes": [
        "HMO-slq"
    ],
    "marketSegments": "Small (1-50)",
    "category": "In Patient",
    "subCategory": "PCP",
    "level": "Maternity",
    "coInsurance": "??????",
    "maxOutOfPocketIndividual": "????????",
    "maxOutOfPocketFamily": "????????"
}, {
    "objectId": "f0d4cfcd-395a-4291-a910-9be1ea48c501;1.1",
    "element1": "quickview",
    "serviceName": "HMO Large Jan0120161428617094105-002",
    "effectiveDates": {
        "effectiveDate": "2015-04-23",
        "endDate": "2016-04-23"
    },
    "serviceStatus": "Draft",
    "productClasses": [
        "Dental"
    ],
    "costShare": {
        "deductible": [{
            "value": 20,
            "valueType": "I"
        }, {
            "value": 500,
            "valueType": "F"
        }],
        "copay": [{
            "value": 45,
            "valueType": "I"
        }, {
            "value": 80,
            "valueType": "F"
        }],
        "moop": [{
            "value": 40,
            "valueType": "I"
        }, {
            "value": 100,
            "valueType": "F"
        }]
    },
    "isServiceCovered": true,

    "productTypes": [
        "HMO"
    ],
    "marketSegments": "Small (1-50)",
    "category": "Out Patient",
    "subCategory": "PCP",
    "level": "Maternity",
    "coInsurance": "??????",
    "maxOutOfPocketIndividual": "????????",
    "maxOutOfPocketFamily": "????????"
}, {
    "objectId": "f0d4cfcd-395a-4291-a910-9be1ea48c502;1.1",
    "element1": "quickview",
    "serviceName": "HMO Large Jan0120161428617094105-003",
    "effectiveDates": {
        "effectiveDate": "2015-04-23",
        "endDate": "2016-04-23"
    },
    "serviceStatus": "Draft",
    "productClasses": [
        "Vision"
    ],
    "costShare": {
        "deductible": [{
            "value": 20,
            "valueType": "I"
        }, {
            "value": 500,
            "valueType": "F"
        }],
        "copay": [{
            "value": 45,
            "valueType": "I"
        }, {
            "value": 80,
            "valueType": "F"
        }],
        "moop": [{
            "value": 40,
            "valueType": "I"
        }, {
            "value": 100,
            "valueType": "F"
        }]
    },
    "isServiceCovered": true,

    "productTypes": [
        "HMO"
    ],
    "marketSegments": "Small (1-50)",
    "category": "In Patient",
    "subCategory": "PCP",
    "level": "Maternity",
    "coInsurance": "??????",
    "maxOutOfPocketIndividual": "????????",
    "maxOutOfPocketFamily": "????????"
}, {
    "objectId": "f0d4cfcd-395a-4291-a910-9be1ea48c503;1.1",
    "element1": "quickview",
    "serviceName": "HMO Large Jan0120161428617094105-004",
    "effectiveDates": {
        "effectiveDate": "2015-04-23",
        "endDate": "2016-04-23"
    },
    "serviceStatus": "Draft",
    "productClasses": [
        "Pharmacy"
    ],
    "costShare": {
        "deductible": [{
            "value": 20,
            "valueType": "I"
        }, {
            "value": 500,
            "valueType": "F"
        }],
        "copay": [{
            "value": 45,
            "valueType": "I"
        }, {
            "value": 80,
            "valueType": "F"
        }],
        "moop": [{
            "value": 40,
            "valueType": "I"
        }, {
            "value": 100,
            "valueType": "F"
        }]
    },
    "isServiceCovered": false,

    "productTypes": [
        "HMO"
    ],
    "marketSegments": "Small (1-50)",
    "category": "Out Patient",
    "subCategory": "PCP",
    "level": "Maternity",
    "coInsurance": "??????",
    "maxOutOfPocketIndividual": "????????",
    "maxOutOfPocketFamily": "????????"
}, {
    "objectId": "f0d4cfcd-395a-4291-a910-9be1ea48c504;1.1",
    "element1": "quickview",
    "serviceName": "HMO Large Jan0120161428617094105-005",
    "effectiveDates": {
        "effectiveDate": "2015-04-23",
        "endDate": "2016-04-23"
    },
    "serviceStatus": "Draft",
    "productClasses": [
        "Medical"
    ],
    "costShare": {
        "deductible": [{
            "value": 20,
            "valueType": "I"
        }, {
            "value": 500,
            "valueType": "F"
        }],
        "copay": [{
            "value": 45,
            "valueType": "I"
        }, {
            "value": 80,
            "valueType": "F"
        }],
        "moop": [{
            "value": 40,
            "valueType": "I"
        }, {
            "value": 100,
            "valueType": "F"
        }]
    },
    "isServiceCovered": false,

    "productTypes": [
        "PPO"
    ],
    "marketSegments": "Small (1-50)",
    "category": "In Patient",
    "subCategory": "PCP",
    "level": "Maternity",
    "coInsurance": "??????",
    "maxOutOfPocketIndividual": "????????",
    "maxOutOfPocketFamily": "????????"
}, {
    "objectId": "f0d4cfcd-395a-4291-a910-9be1ea48c505;1.1",
    "element1": "quickview",
    "serviceName": "HMO Large Jan0120161428617094105-006",
    "effectiveDates": {
        "effectiveDate": "2015-04-23",
        "endDate": "2016-04-23"
    },
    "serviceStatus": "Draft",
    "productClasses": [
        "Medical"
    ],
    "costShare": {
        "deductible": [{
            "value": 20,
            "valueType": "I"
        }, {
            "value": 500,
            "valueType": "F"
        }],
        "copay": [{
            "value": 45,
            "valueType": "I"
        }, {
            "value": 80,
            "valueType": "F"
        }],
        "moop": [{
            "value": 40,
            "valueType": "I"
        }, {
            "value": 100,
            "valueType": "F"
        }]
    },
    "isServiceCovered": false,

    "productTypes": [
        "HSA"
    ],
    "marketSegments": "Small (1-50)",
    "category": "Out Patient",
    "subCategory": "PCP",
    "level": "Maternity",
    "coInsurance": "??????",
    "maxOutOfPocketIndividual": "????????",
    "maxOutOfPocketFamily": "????????"
}, {
    "objectId": "f0d4cfcd-395a-4291-a910-9be1ea48c506;1.1",
    "element1": "quickview",
    "serviceName": "HMO Large Jan0120161428617094105-007",
    "effectiveDates": {
        "effectiveDate": "2015-04-23",
        "endDate": "2016-04-23"
    },
    "serviceStatus": "Draft",
    "productClasses": [
        "Medical"
    ],
    "costShare": {
        "deductible": [{
            "value": 20,
            "valueType": "I"
        }, {
            "value": 500,
            "valueType": "F"
        }],
        "copay": [{
            "value": 45,
            "valueType": "I"
        }, {
            "value": 80,
            "valueType": "F"
        }],
        "moop": [{
            "value": 40,
            "valueType": "I"
        }, {
            "value": 100,
            "valueType": "F"
        }]
    },
    "isServiceCovered": true,

    "productTypes": [
        "FSA"
    ],
    "marketSegments": "Small (1-50)",
    "category": "In Patient",
    "subCategory": "PCP",
    "level": "Maternity",
    "coInsurance": "??????",
    "maxOutOfPocketIndividual": "????????",
    "maxOutOfPocketFamily": "????????"
}, {
    "objectId": "f0d4cfcd-395a-4291-a910-9be1ea48c507;1.1",
    "element1": "quickview",
    "serviceName": "HMO Large Jan0120161428617094105-008",
    "effectiveDates": {
        "effectiveDate": "2015-04-23",
        "endDate": "2016-04-23"
    },
    "serviceStatus": "Draft",
    "productClasses": [
        "Medical"
    ],
    "costShare": {
        "deductible": [{
            "value": 20,
            "valueType": "I"
        }, {
            "value": 500,
            "valueType": "F"
        }],
        "copay": [{
            "value": 45,
            "valueType": "I"
        }, {
            "value": 80,
            "valueType": "F"
        }],
        "moop": [{
            "value": 40,
            "valueType": "I"
        }, {
            "value": 100,
            "valueType": "F"
        }]
    },
    "isServiceCovered": false,

    "productTypes": [
        "POS"
    ],
    "marketSegments": "Small (1-50)",
    "category": "Out Patient",
    "subCategory": "PCP",
    "level": "Maternity",
    "coInsurance": "??????",
    "maxOutOfPocketIndividual": "????????",
    "maxOutOfPocketFamily": "????????"
}, {
    "objectId": "f0d4cfcd-395a-4291-a910-9be1ea48c508;1.1",
    "element1": "quickview",
    "serviceName": "HMO Large Jan0120161428617094105-009",
    "effectiveDates": {
        "effectiveDate": "2015-04-23",
        "endDate": "2016-04-23"
    },
    "serviceStatus": "Draft",
    "productClasses": [
        "Medical"
    ],
    "costShare": {
        "deductible": [{
            "value": 20,
            "valueType": "I"
        }, {
            "value": 500,
            "valueType": "F"
        }],
        "copay": [{
            "value": 45,
            "valueType": "I"
        }, {
            "value": 80,
            "valueType": "F"
        }],
        "moop": [{
            "value": 40,
            "valueType": "I"
        }, {
            "value": 100,
            "valueType": "F"
        }]
    },
    "isServiceCovered": true,

    "productTypes": [
        "HMO"
    ],
    "marketSegments": "Small (1-50)",
    "category": "In Patient",
    "subCategory": "PCP",
    "level": "Maternity",
    "coInsurance": "??????",
    "maxOutOfPocketIndividual": "????????",
    "maxOutOfPocketFamily": "????????"
}, {
    "objectId": "f0d4cfcd-395a-4291-a910-9be1ea48c509;1.1",
    "element1": "quickview",
    "serviceName": "HMO Large Jan0120161428617094105-010",
    "effectiveDates": {
        "effectiveDate": "2015-04-23",
        "endDate": "2016-04-23"
    },
    "serviceStatus": "Draft",
    "productClasses": [
        "Medical"
    ],
    "costShare": {
        "deductible": [{
            "value": 20,
            "valueType": "I"
        }, {
            "value": 500,
            "valueType": "F"
        }],
        "copay": [{
            "value": 45,
            "valueType": "I"
        }, {
            "value": 80,
            "valueType": "F"
        }],
        "moop": [{
            "value": 40,
            "valueType": "I"
        }, {
            "value": 100,
            "valueType": "F"
        }]
    },
    "isServiceCovered": false,

    "productTypes": [
        "HMO"
    ],
    "marketSegments": "Small (1-50)",
    "category": "Out Patient",
    "subCategory": "PCP",
    "level": "Maternity",
    "coInsurance": "??????",
    "maxOutOfPocketIndividual": "????????",
    "maxOutOfPocketFamily": "????????"
}, {
    "objectId": "f0d4cfcd-395a-4291-a910-9be1ea48c510;1.1",
    "element1": "quickview",
    "serviceName": "HMO Large Jan0120161428617094105-011",
    "effectiveDates": {
        "effectiveDate": "2015-04-23",
        "endDate": "2016-04-23"
    },
    "serviceStatus": "Draft",
    "productClasses": [
        "Medical"
    ],
    "costShare": {
        "deductible": [{
            "value": 20,
            "valueType": "I"
        }, {
            "value": 500,
            "valueType": "F"
        }],
        "copay": [{
            "value": 45,
            "valueType": "I"
        }, {
            "value": 80,
            "valueType": "F"
        }],
        "moop": [{
            "value": 40,
            "valueType": "I"
        }, {
            "value": 100,
            "valueType": "F"
        }]
    },
    "isServiceCovered": true,

    "productTypes": [
        "HMO"
    ],
    "marketSegments": "Small (1-50)",
    "category": "In Patient 001",
    "subCategory": "PCP",
    "level": "Maternity",
    "coInsurance": "??????",
    "maxOutOfPocketIndividual": "????????",
    "maxOutOfPocketFamily": "????????"
}, {
    "objectId": "f0d4cfcd-395a-4291-a910-9be1ea48c511;1.1",
    "element1": "quickview",
    "serviceName": "HMO Large Jan0120161428617094105-012",
    "effectiveDates": {
        "effectiveDate": "2015-04-23",
        "endDate": "2016-04-23"
    },
    "serviceStatus": "Draft",
    "productClasses": [
        "Medical"
    ],
    "costShare": {
        "deductible": [{
            "value": 20,
            "valueType": "I"
        }, {
            "value": 500,
            "valueType": "F"
        }],
        "copay": [{
            "value": 45,
            "valueType": "I"
        }, {
            "value": 80,
            "valueType": "F"
        }],
        "moop": [{
            "value": 40,
            "valueType": "I"
        }, {
            "value": 100,
            "valueType": "F"
        }]
    },
    "isServiceCovered": false,

    "productTypes": [
        "HMO"
    ],
    "marketSegments": "Small (1-50)",
    "category": "In Patient 002",
    "subCategory": "PCP",
    "level": "Maternity",
    "coInsurance": "??????",
    "maxOutOfPocketIndividual": "????????",
    "maxOutOfPocketFamily": "????????"
}, {
    "objectId": "f0d4cfcd-395a-4291-a910-9be1ea48c512;1.1",
    "element1": "quickview",
    "serviceName": "HMO Large Jan0120161428617094105-013",
    "effectiveDates": {
        "effectiveDate": "2015-04-23",
        "endDate": "2016-04-23"
    },
    "serviceStatus": "Draft",
    "productClasses": [
        "Medical"
    ],
    "costShare": {
        "deductible": [{
            "value": 20,
            "valueType": "I"
        }, {
            "value": 500,
            "valueType": "F"
        }],
        "copay": [{
            "value": 45,
            "valueType": "I"
        }, {
            "value": 80,
            "valueType": "F"
        }],
        "moop": [{
            "value": 40,
            "valueType": "I"
        }, {
            "value": 100,
            "valueType": "F"
        }]
    },
    "isServiceCovered": true,

    "productTypes": [
        "HMO"
    ],
    "marketSegments": "Small (1-50)",
    "category": "In Patient 003",
    "subCategory": "PCP",
    "level": "Maternity",
    "coInsurance": "??????",
    "maxOutOfPocketIndividual": "????????",
    "maxOutOfPocketFamily": "????????"
}, {
    "objectId": "f0d4cfcd-395a-4291-a910-9be1ea48c513;1.1",
    "element1": "quickview",
    "serviceName": "HMO Large Jan0120161428617094105-014",
    "effectiveDates": {
        "effectiveDate": "2015-04-23",
        "endDate": "2016-04-23"
    },
    "serviceStatus": "Draft",
    "productClasses": [
        "Medical"
    ],
    "costShare": {
        "deductible": [{
            "value": 20,
            "valueType": "I"
        }, {
            "value": 500,
            "valueType": "F"
        }],
        "copay": [{
            "value": 45,
            "valueType": "I"
        }, {
            "value": 80,
            "valueType": "F"
        }],
        "moop": [{
            "value": 40,
            "valueType": "I"
        }, {
            "value": 100,
            "valueType": "F"
        }]
    },
    "isServiceCovered": false,

    "productTypes": [
        "HMO"
    ],
    "marketSegments": "Small (1-50)",
    "category": "In Patient 004",
    "subCategory": "PCP",
    "level": "Maternity",
    "coInsurance": "??????",
    "maxOutOfPocketIndividual": "????????",
    "maxOutOfPocketFamily": "????????"
}, {
    "objectId": "f0d4cfcd-395a-4291-a910-9be1ea48c514;1.1",
    "element1": "quickview",
    "serviceName": "HMO Large Jan0120161428617094105-015",
    "effectiveDates": {
        "effectiveDate": "2015-04-23",
        "endDate": "2016-04-23"
    },
    "serviceStatus": "Draft",
    "productClasses": [
        "Medical"
    ],
    "costShare": {
        "deductible": [{
            "value": 20,
            "valueType": "I"
        }, {
            "value": 500,
            "valueType": "F"
        }],
        "copay": [{
            "value": 45,
            "valueType": "I"
        }, {
            "value": 80,
            "valueType": "F"
        }],
        "moop": [{
            "value": 40,
            "valueType": "I"
        }, {
            "value": 100,
            "valueType": "F"
        }]
    },
    "isServiceCovered": true,

    "productTypes": [
        "HMO"
    ],
    "marketSegments": "Small (1-50)",
    "category": "In Patient 005",
    "subCategory": "PCP",
    "level": "Maternity",
    "coInsurance": "??????",
    "maxOutOfPocketIndividual": "????????",
    "maxOutOfPocketFamily": "????????"
}, {
    "objectId": "f0d4cfcd-395a-4291-a910-9be1ea48c515;1.1",
    "element1": "quickview",
    "serviceName": "HMO Large Jan0120161428617094105-016",
    "effectiveDates": {
        "effectiveDate": "2015-04-23",
        "endDate": "2016-04-23"
    },
    "serviceStatus": "Draft",
    "productClasses": [
        "Medical"
    ],
    "costShare": {
        "deductible": [{
            "value": 20,
            "valueType": "I"
        }, {
            "value": 500,
            "valueType": "F"
        }],
        "copay": [{
            "value": 45,
            "valueType": "I"
        }, {
            "value": 80,
            "valueType": "F"
        }],
        "moop": [{
            "value": 40,
            "valueType": "I"
        }, {
            "value": 100,
            "valueType": "F"
        }]
    },
    "isServiceCovered": false,

    "productTypes": [
        "HMO"
    ],
    "marketSegments": "Small (1-50)",
    "category": "In Patient 006",
    "subCategory": "PCP",
    "level": "Maternity",
    "coInsurance": "??????",
    "maxOutOfPocketIndividual": "????????",
    "maxOutOfPocketFamily": "????????"
}, {
    "objectId": "f0d4cfcd-395a-4291-a910-9be1ea48c516;1.1",
    "element1": "quickview",
    "serviceName": "HMO Large Jan0120161428617094105-017",
    "effectiveDates": {
        "effectiveDate": "2015-04-23",
        "endDate": "2016-04-23"
    },
    "serviceStatus": "Draft",
    "productClasses": [
        "Medical"
    ],
    "costShare": {
        "deductible": [{
            "value": 20,
            "valueType": "I"
        }, {
            "value": 500,
            "valueType": "F"
        }],
        "copay": [{
            "value": 45,
            "valueType": "I"
        }, {
            "value": 80,
            "valueType": "F"
        }],
        "moop": [{
            "value": 40,
            "valueType": "I"
        }, {
            "value": 100,
            "valueType": "F"
        }]
    },
    "isServiceCovered": true,

    "productTypes": [
        "HMO"
    ],
    "marketSegments": "Small (1-50)",
    "category": "In Patient 007",
    "subCategory": "PCP",
    "level": "Maternity",
    "coInsurance": "??????",
    "maxOutOfPocketIndividual": "????????",
    "maxOutOfPocketFamily": "????????"
}, {
    "objectId": "f0d4cfcd-395a-4291-a910-9be1ea48c517;1.1",
    "element1": "quickview",
    "serviceName": "HMO Large Jan0120161428617094105-018",
    "effectiveDates": {
        "effectiveDate": "2015-04-23",
        "endDate": "2016-04-23"
    },
    "serviceStatus": "Draft",
    "productClasses": [
        "Medical"
    ],
    "costShare": {
        "deductible": [{
            "value": 20,
            "valueType": "I"
        }, {
            "value": 500,
            "valueType": "F"
        }],
        "copay": [{
            "value": 45,
            "valueType": "I"
        }, {
            "value": 80,
            "valueType": "F"
        }],
        "moop": [{
            "value": 40,
            "valueType": "I"
        }, {
            "value": 100,
            "valueType": "F"
        }]
    },
    "isServiceCovered": false,

    "productTypes": [
        "HMO"
    ],
    "marketSegments": "Small (1-50)",
    "category": "In Patient 008",
    "subCategory": "PCP",
    "level": "Maternity",
    "coInsurance": "??????",
    "maxOutOfPocketIndividual": "????????",
    "maxOutOfPocketFamily": "????????"
}, {
    "objectId": "f0d4cfcd-395a-4291-a910-9be1ea48c518;1.1",
    "element1": "quickview",
    "serviceName": "HMO Large Jan0120161428617094105-019",
    "effectiveDates": {
        "effectiveDate": "2015-04-23",
        "endDate": "2016-04-23"
    },
    "serviceStatus": "Draft",
    "productClasses": [
        "Medical"
    ],
    "costShare": {
        "deductible": [{
            "value": 20,
            "valueType": "I"
        }, {
            "value": 500,
            "valueType": "F"
        }],
        "copay": [{
            "value": 45,
            "valueType": "I"
        }, {
            "value": 80,
            "valueType": "F"
        }],
        "moop": [{
            "value": 40,
            "valueType": "I"
        }, {
            "value": 100,
            "valueType": "F"
        }]
    },
    "isServiceCovered": true,

    "productTypes": [
        "HMO"
    ],
    "marketSegments": "Small (1-50)",
    "category": "In Patient 009",
    "subCategory": "PCP",
    "level": "Diagnostic",
    "coInsurance": "??????",
    "maxOutOfPocketIndividual": "????????",
    "maxOutOfPocketFamily": "????????"
}, {
    "objectId": "f0d4cfcd-395a-4291-a910-9be1ea48c519;1.1",
    "element1": "quickview",
    "serviceName": "HMO Large Jan0120161428617094105-020",
    "effectiveDates": {
        "effectiveDate": "2015-04-23",
        "endDate": "2016-04-23"
    },
    "serviceStatus": "Draft",
    "productClasses": [
        "Medical"
    ],
    "costShare": {
        "deductible": [{
            "value": 20,
            "valueType": "I"
        }, {
            "value": 500,
            "valueType": "F"
        }],
        "copay": [{
            "value": 45,
            "valueType": "I"
        }, {
            "value": 80,
            "valueType": "F"
        }],
        "moop": [{
            "value": 40,
            "valueType": "I"
        }, {
            "value": 100,
            "valueType": "F"
        }]
    },
    "isServiceCovered": false,

    "productTypes": [
        "HMO"
    ],
    "marketSegments": "Small (1-50)",
    "category": "In Patient 010",
    "subCategory": "Physician",
    "level": "Diagnostic",
    "coInsurance": "??????",
    "maxOutOfPocketIndividual": "????????",
    "maxOutOfPocketFamily": "????????"
}]