{
   "error": false,
   "message": "",
   "attributes": {
      "hr_productType": {
         "medical": [{
            "optionNameId": "hmo",
            "label": "HMO"
         }, {
            "optionNameId": "ppo",
            "label": "PPO"
         }],
         "dental": [{
            "optionNameId": "pos",
            "label": "POS"
         }, {
            "optionNameId": "hsa",
            "label": "HSA"
         }],
         "vision": [{
            "optionNameId": "fsa",
            "label": "FSA"
         }],
         "pharmacy": [{
            "optionNameId": "cdhpHsa",
            "label": "CDHP & HSA"
         }]
      },
      "hr_category": {
         "medical": [{
            "optionNameId": "inPatient",
            "label": "In Patient"
         }, {
            "optionNameId": "outPatient",
            "label": "Out Patient"
         }],
         "dental": [{
            "optionNameId": "er",
            "label": "ER"
         }, {
            "optionNameId": "officeVisit",
            "label": "Office Visit"
         }],
         "vision": [{
            "optionNameId": "inPatient2",
            "label": "In Patient2"
         }, {
            "optionNameId": "outPatient2",
            "label": "Out Patient2"
         }],
         "pharmacy": [{
            "optionNameId": "er2",
            "label": "ER2"
         }, {
            "optionNameId": "officeVisit2",
            "label": "Office Visit2"
         }]
      },
      "hr_subCategory": {
         "inPatient": [{
            "optionNameId": "pcp",
            "label": "PCP"
         }, {
            "optionNameId": "physician",
            "label": "Physician"
         }],
         "outPatient": [{
            "optionNameId": "facility",
            "label": "Facility"
         }],
         "er": [{
            "optionNameId": "subCategoryA",
            "label": "Sub Category A"
         }],
         "officeVisit": [{
            "optionNameId": "subCategoryB",
            "label": "Sub Category B"
         }]
      },
      "hr_level": {
         "pcp": [{
            "optionNameId": "preventitive",
            "label": "Preventitive"
         }, {
            "optionNameId": "diagnostic",
            "label": "Diagnostic"
         }],
         "physician": [{
            "optionNameId": "maternity",
            "label": "Maternity"
         }, {
            "optionNameId": "urgentCare",
            "label": "Urgent Care"
         }]
      }
   }
}