[ 
	{
		"name" : "AccountManagement",
		"description" :  "Account Management",
		"status" : "active"
	},
	{
		"name" : "Actuary",
		"description" :  "Actuary",
		"status" : "active"
	},
	{
		"name" : "BenefitsAdministration",
		"description" :  "Benefits Administration",
		"status" : "active"
	},
	{
		"name" : "Claims",
		"description" :  "Claims",
		"status" : "active"
	},
	{
		"name" : "Compliance",
		"description" :  "Compliance",
		"status" : "active"
	},
	{
		"name" : "Compliance",
		"description" :  "Compliance",
		"status" : "active"
	},
	{
		"name" : "DistributionAdmin",
		"description" :  "Distribution Admin",
		"status" : "active"
	},
	{
		"name" : "Enrollment",
		"description" :  "Enrollment",
		"status" : "active"
	},
	{
		"name" : "HRSuperAdmin",
		"description" :  "HR Super Admin",
		"status" : "active"
	},
	{
		"name" : "Marketing",
		"description" :  "Marketing",
		"status" : "active"
	},
	{
		"name" : "MediaMgmtAdmin",
		"description" :  "MediaMgmt Admin",
		"status" : "active"
	},
	{
		"name" : "OrgAdmin",
		"description" :  "Org Admin",
		"status" : "active"
	},
	{
		"name" : "PPMAdmin",
		"description" :  "PPM Admin",
		"status" : "active"
	},
	{
		"name" : "ProductAdministration",
		"description" :  "Product Administration",
		"status" : "active"
	},
	{
		"name" : "Reader",
		"description" :  "Reader",
		"status" : "active"
	},
	{
		"name" : "Reviewer",
		"description" :  "Reviewer",
		"status" : "active"
	},
	{
		"name" : "Sales",
		"description" :  "Sales",
		"status" : "active"
	},
	{
		"name" : "Underwriting",
		"description" :  "Underwriting",
		"status" : "active"
	}
]