{
    "processDefinitionKey": "PlanOverride",
    "name": "#planName#",
    "dueDate" : "#duedate#",  
    "variables": [{
        "name": "pm_planid",
        "scope": "global",
        "type": "string",
        "value": "#planId#"
    }, {
        "name": "pm_approver1",
        "scope": "global",
        "type": "string",
        "value": "csteven@upmc.com"
    }, {
        "name": "pm_approver2",
        "scope": "global",
        "type": "string",
        "value": "mcollins@upmc.com"
    }, {
        "name": "pm_approver3",
        "scope": "global",
        "type": "string",
        "value": "ekenneth@upmc.com"
    }, {
        "name": "pm_task1_name",
        "scope": "global",
        "type": "string",
        "value": "Product Approval"
    }, {
        "name": "pm_task2_name",
        "scope": "global",
        "type": "string",
        "value": "Sales Approval"
    }, {
        "name": "pm_task3_name",
        "scope": "global",
        "type": "string",
        "value": "Actuary Approval"
    }, {
        "name": "pm_task1_due_date",
        "scope": "global",
        "type": "string",
        "value": "2016-03-02T12:00:00.000-05:00"
    }, {
        "name": "pm_task2_due_date",
        "scope": "global",
        "type": "string",
        "value": "2016-03-04T12:00:00.000-05:00"
    }, {
        "name": "pm_task3_due_date",
        "scope": "global",
        "type": "string",
        "value": "2016-03-08T12:00:00.000-05:00"
    }]
}
